broadcast_image,tacticam_image,cosine_similarity
broadcast_1.jpg,tacticam_17623.jpg,0.5942158102989197
broadcast_10.jpg,tacticam_10117.jpg,0.8040099143981934
broadcast_100.jpg,tacticam_44.jpg,0.7795997858047485
broadcast_10010.jpg,tacticam_15822.jpg,0.7493860721588135
broadcast_1002.jpg,tacticam_1619.jpg,0.7361501455307007
broadcast_1003.jpg,tacticam_1619.jpg,0.7633994817733765
broadcast_1004.jpg,tacticam_619.jpg,0.6766905188560486
broadcast_1005.jpg,tacticam_315.jpg,0.7819044589996338
broadcast_1006.jpg,tacticam_3820.jpg,0.7031072974205017
broadcast_1007.jpg,tacticam_1117.jpg,0.8006908297538757
broadcast_1008.jpg,tacticam_2410.jpg,0.7894821166992188
broadcast_1009.jpg,tacticam_1619.jpg,0.8060019016265869
broadcast_101.jpg,tacticam_573.jpg,0.7737950086593628
broadcast_1010.jpg,tacticam_2010.jpg,0.7397660613059998
broadcast_1011.jpg,tacticam_259.jpg,0.8246071934700012
broadcast_10110.jpg,tacticam_1619.jpg,0.8090598583221436
broadcast_10111.jpg,tacticam_212.jpg,0.728058397769928
broadcast_10112.jpg,tacticam_15822.jpg,0.8036621809005737
broadcast_10113.jpg,tacticam_14325.jpg,0.7613481283187866
broadcast_10114.jpg,tacticam_14131.jpg,0.6404609084129333
broadcast_1012.jpg,tacticam_11129.jpg,0.746763288974762
broadcast_1013.jpg,tacticam_13219.jpg,0.6659613847732544
broadcast_1014.jpg,tacticam_414.jpg,0.7934287190437317
broadcast_1015.jpg,tacticam_234.jpg,0.7780923247337341
broadcast_1016.jpg,tacticam_48.jpg,0.7596297264099121
broadcast_1017.jpg,tacticam_633.jpg,0.7956798672676086
broadcast_1018.jpg,tacticam_22.jpg,0.7516981959342957
broadcast_1019.jpg,tacticam_3412.jpg,0.7559239268302917
broadcast_102.jpg,tacticam_8.jpg,0.773553192615509
broadcast_10210.jpg,tacticam_5521.jpg,0.7059879302978516
broadcast_10211.jpg,tacticam_16722.jpg,0.7340704798698425
broadcast_10212.jpg,tacticam_12217.jpg,0.668219804763794
broadcast_1022.jpg,tacticam_594.jpg,0.7753364443778992
broadcast_1023.jpg,tacticam_234.jpg,0.7475942969322205
broadcast_1024.jpg,tacticam_35.jpg,0.7526267766952515
broadcast_1025.jpg,tacticam_1533.jpg,0.8047767281532288
broadcast_1026.jpg,tacticam_612.jpg,0.8441146016120911
broadcast_1027.jpg,tacticam_1619.jpg,0.7939078211784363
broadcast_1028.jpg,tacticam_1619.jpg,0.7452132701873779
broadcast_1029.jpg,tacticam_3820.jpg,0.7361498475074768
broadcast_103.jpg,tacticam_646.jpg,0.790219783782959
broadcast_10310.jpg,tacticam_4224.jpg,0.7625213861465454
broadcast_10311.jpg,tacticam_14325.jpg,0.7595924735069275
broadcast_10312.jpg,tacticam_16722.jpg,0.7449681162834167
broadcast_10313.jpg,tacticam_14325.jpg,0.7015830278396606
broadcast_10314.jpg,tacticam_15918.jpg,0.6493082642555237
broadcast_10315.jpg,tacticam_4623.jpg,0.5827979445457458
broadcast_10316.jpg,tacticam_192.jpg,0.6191173195838928
broadcast_1032.jpg,tacticam_35.jpg,0.7385639548301697
broadcast_1033.jpg,tacticam_709.jpg,0.7565565705299377
broadcast_1034.jpg,tacticam_1619.jpg,0.7856618762016296
broadcast_1035.jpg,tacticam_798.jpg,0.8064920902252197
broadcast_1036.jpg,tacticam_2010.jpg,0.7961455583572388
broadcast_1037.jpg,tacticam_1619.jpg,0.756935179233551
broadcast_1038.jpg,tacticam_2010.jpg,0.7360073328018188
broadcast_1039.jpg,tacticam_106.jpg,0.8173545598983765
broadcast_104.jpg,tacticam_106.jpg,0.8096972703933716
broadcast_10410.jpg,tacticam_5127.jpg,0.7100990414619446
broadcast_10411.jpg,tacticam_14325.jpg,0.7156529426574707
broadcast_10412.jpg,tacticam_7123.jpg,0.7484705448150635
broadcast_1042.jpg,tacticam_17415.jpg,0.7929477691650391
broadcast_1043.jpg,tacticam_573.jpg,0.7878172397613525
broadcast_1044.jpg,tacticam_543.jpg,0.7618207931518555
broadcast_1045.jpg,tacticam_12.jpg,0.7752208709716797
broadcast_1046.jpg,tacticam_2720.jpg,0.6821973323822021
broadcast_1047.jpg,tacticam_5521.jpg,0.6603004336357117
broadcast_1048.jpg,tacticam_22.jpg,0.7788158655166626
broadcast_1049.jpg,tacticam_106.jpg,0.8454193472862244
broadcast_105.jpg,tacticam_5117.jpg,0.8547394275665283
broadcast_10510.jpg,tacticam_1085.jpg,0.7149261832237244
broadcast_10511.jpg,tacticam_1364.jpg,0.7350855469703674
broadcast_1052.jpg,tacticam_44.jpg,0.7760906219482422
broadcast_1053.jpg,tacticam_106.jpg,0.8355295658111572
broadcast_1054.jpg,tacticam_1619.jpg,0.7760930061340332
broadcast_1055.jpg,tacticam_35.jpg,0.6997541785240173
broadcast_1056.jpg,tacticam_13.jpg,0.7937161922454834
broadcast_1057.jpg,tacticam_3512.jpg,0.743751049041748
broadcast_1058.jpg,tacticam_156.jpg,0.7547827363014221
broadcast_1059.jpg,tacticam_679.jpg,0.651738703250885
broadcast_106.jpg,tacticam_7523.jpg,0.7014267444610596
broadcast_10610.jpg,tacticam_7123.jpg,0.7226311564445496
broadcast_10611.jpg,tacticam_720.jpg,0.7213419079780579
broadcast_10612.jpg,tacticam_9822.jpg,0.7139767408370972
broadcast_1062.jpg,tacticam_44.jpg,0.764916181564331
broadcast_1063.jpg,tacticam_612.jpg,0.8419054746627808
broadcast_1064.jpg,tacticam_106.jpg,0.7919220924377441
broadcast_1065.jpg,tacticam_14717.jpg,0.7895040512084961
broadcast_1066.jpg,tacticam_1619.jpg,0.7523776292800903
broadcast_1067.jpg,tacticam_5611.jpg,0.7562302947044373
broadcast_1068.jpg,tacticam_679.jpg,0.6444846391677856
broadcast_1069.jpg,tacticam_1619.jpg,0.7939070463180542
broadcast_107.jpg,tacticam_2720.jpg,0.799877405166626
broadcast_10710.jpg,tacticam_413.jpg,0.7806112766265869
broadcast_10711.jpg,tacticam_9822.jpg,0.7624462842941284
broadcast_10712.jpg,tacticam_11422.jpg,0.6995000243186951
broadcast_10713.jpg,tacticam_5019.jpg,0.7121514678001404
broadcast_10714.jpg,tacticam_17623.jpg,0.789605438709259
broadcast_1072.jpg,tacticam_1588.jpg,0.8044161796569824
broadcast_1073.jpg,tacticam_2010.jpg,0.8540951013565063
broadcast_1074.jpg,tacticam_1844.jpg,0.808637261390686
broadcast_1075.jpg,tacticam_3614.jpg,0.7809313535690308
broadcast_1076.jpg,tacticam_1619.jpg,0.711755096912384
broadcast_1077.jpg,tacticam_679.jpg,0.7826797366142273
broadcast_1078.jpg,tacticam_1619.jpg,0.6395960450172424
broadcast_1079.jpg,tacticam_16722.jpg,0.6901266574859619
broadcast_108.jpg,tacticam_5815.jpg,0.7844853401184082
broadcast_10810.jpg,tacticam_13221.jpg,0.6338870525360107
broadcast_10811.jpg,tacticam_2612.jpg,0.6712189316749573
broadcast_10812.jpg,tacticam_17918.jpg,0.7372324466705322
broadcast_10813.jpg,tacticam_14325.jpg,0.7165606617927551
broadcast_1082.jpg,tacticam_11214.jpg,0.8115758895874023
broadcast_1083.jpg,tacticam_58.jpg,0.7958617210388184
broadcast_1084.jpg,tacticam_10410.jpg,0.8302911520004272
broadcast_1085.jpg,tacticam_2010.jpg,0.8151392340660095
broadcast_1086.jpg,tacticam_1619.jpg,0.7804449796676636
broadcast_1087.jpg,tacticam_22.jpg,0.6666296124458313
broadcast_1088.jpg,tacticam_22.jpg,0.7925102710723877
broadcast_1089.jpg,tacticam_17114.jpg,0.7875826954841614
broadcast_109.jpg,tacticam_2410.jpg,0.7156445980072021
broadcast_10910.jpg,tacticam_5127.jpg,0.6027408242225647
broadcast_10911.jpg,tacticam_16819.jpg,0.7078925371170044
broadcast_1092.jpg,tacticam_11214.jpg,0.8121533989906311
broadcast_1093.jpg,tacticam_5216.jpg,0.8078717589378357
broadcast_1094.jpg,tacticam_917.jpg,0.7549886703491211
broadcast_1095.jpg,tacticam_1619.jpg,0.7390493750572205
broadcast_1096.jpg,tacticam_2010.jpg,0.7918689250946045
broadcast_1097.jpg,tacticam_457.jpg,0.6808797121047974
broadcast_1098.jpg,tacticam_2121.jpg,0.8088337182998657
broadcast_1099.jpg,tacticam_2410.jpg,0.7716657519340515
broadcast_11.jpg,tacticam_5117.jpg,0.8496156930923462
broadcast_110.jpg,tacticam_11214.jpg,0.8277219533920288
broadcast_11010.jpg,tacticam_14222.jpg,0.5886942148208618
broadcast_11011.jpg,tacticam_16819.jpg,0.606758713722229
broadcast_1102.jpg,tacticam_3512.jpg,0.8174284100532532
broadcast_1103.jpg,tacticam_6518.jpg,0.7778217196464539
broadcast_1104.jpg,tacticam_15.jpg,0.8311638236045837
broadcast_1105.jpg,tacticam_3614.jpg,0.7751951217651367
broadcast_1106.jpg,tacticam_296.jpg,0.8391348123550415
broadcast_1107.jpg,tacticam_2121.jpg,0.7658600211143494
broadcast_1108.jpg,tacticam_5420.jpg,0.7210008502006531
broadcast_1109.jpg,tacticam_19325.jpg,0.7377654314041138
broadcast_111.jpg,tacticam_44.jpg,0.7812737226486206
broadcast_1110.jpg,tacticam_7523.jpg,0.7544023990631104
broadcast_1111.jpg,tacticam_1313.jpg,0.7821499705314636
broadcast_11110.jpg,tacticam_3011.jpg,0.7257383465766907
broadcast_1112.jpg,tacticam_242.jpg,0.699341893196106
broadcast_1113.jpg,tacticam_8.jpg,0.7822840213775635
broadcast_1114.jpg,tacticam_18913.jpg,0.7702908515930176
broadcast_1115.jpg,tacticam_54.jpg,0.7742772102355957
broadcast_1116.jpg,tacticam_3512.jpg,0.8124049305915833
broadcast_1117.jpg,tacticam_296.jpg,0.7843426465988159
broadcast_1118.jpg,tacticam_3018.jpg,0.7389370799064636
broadcast_1119.jpg,tacticam_12721.jpg,0.8011423945426941
broadcast_112.jpg,tacticam_1338.jpg,0.8328529000282288
broadcast_11210.jpg,tacticam_12128.jpg,0.6095508337020874
broadcast_11211.jpg,tacticam_1389.jpg,0.6742095947265625
broadcast_1122.jpg,tacticam_276.jpg,0.7033040523529053
broadcast_1123.jpg,tacticam_70.jpg,0.7665998935699463
broadcast_1124.jpg,tacticam_1865.jpg,0.7168571352958679
broadcast_1125.jpg,tacticam_1483.jpg,0.819200873374939
broadcast_1126.jpg,tacticam_6618.jpg,0.7459722757339478
broadcast_1127.jpg,tacticam_70.jpg,0.7756376266479492
broadcast_1128.jpg,tacticam_2010.jpg,0.7195982336997986
broadcast_1129.jpg,tacticam_3512.jpg,0.8149585127830505
broadcast_113.jpg,tacticam_1913.jpg,0.7607927322387695
broadcast_11310.jpg,tacticam_12414.jpg,0.7230336666107178
broadcast_11311.jpg,tacticam_11317.jpg,0.5574782490730286
broadcast_1132.jpg,tacticam_917.jpg,0.7937840819358826
broadcast_1133.jpg,tacticam_206.jpg,0.7386476397514343
broadcast_1134.jpg,tacticam_8.jpg,0.7366577982902527
broadcast_1135.jpg,tacticam_546.jpg,0.7553551197052002
broadcast_1136.jpg,tacticam_346.jpg,0.7448431253433228
broadcast_1137.jpg,tacticam_1619.jpg,0.7495954036712646
broadcast_1138.jpg,tacticam_7614.jpg,0.6755440831184387
broadcast_1139.jpg,tacticam_1567.jpg,0.7549053430557251
broadcast_114.jpg,tacticam_2210.jpg,0.714331865310669
broadcast_11410.jpg,tacticam_7210.jpg,0.6841320395469666
broadcast_1142.jpg,tacticam_1723.jpg,0.7967499494552612
broadcast_1143.jpg,tacticam_276.jpg,0.7330766320228577
broadcast_1144.jpg,tacticam_35.jpg,0.7634660005569458
broadcast_1145.jpg,tacticam_8.jpg,0.6012488007545471
broadcast_1146.jpg,tacticam_70.jpg,0.774161696434021
broadcast_1147.jpg,tacticam_98.jpg,0.7815796732902527
broadcast_1148.jpg,tacticam_573.jpg,0.7787216305732727
broadcast_1149.jpg,tacticam_7614.jpg,0.6683629751205444
broadcast_115.jpg,tacticam_5815.jpg,0.7589321732521057
broadcast_11510.jpg,tacticam_1588.jpg,0.6878407597541809
broadcast_11511.jpg,tacticam_159.jpg,0.6349326968193054
broadcast_1152.jpg,tacticam_2010.jpg,0.751169741153717
broadcast_1153.jpg,tacticam_68.jpg,0.7808912992477417
broadcast_1154.jpg,tacticam_70.jpg,0.7843033075332642
broadcast_1155.jpg,tacticam_8.jpg,0.71195387840271
broadcast_1156.jpg,tacticam_1010.jpg,0.7912992238998413
broadcast_1157.jpg,tacticam_1619.jpg,0.7874364256858826
broadcast_1158.jpg,tacticam_1619.jpg,0.77058345079422
broadcast_1159.jpg,tacticam_17122.jpg,0.6915600299835205
broadcast_116.jpg,tacticam_1118.jpg,0.6786368489265442
broadcast_11610.jpg,tacticam_1637.jpg,0.5983904600143433
broadcast_1162.jpg,tacticam_276.jpg,0.8110344409942627
broadcast_1163.jpg,tacticam_73.jpg,0.8216630220413208
broadcast_1164.jpg,tacticam_473.jpg,0.7833647727966309
broadcast_1165.jpg,tacticam_70.jpg,0.7636179327964783
broadcast_1166.jpg,tacticam_1619.jpg,0.8034655451774597
broadcast_1167.jpg,tacticam_68.jpg,0.7174689769744873
broadcast_1168.jpg,tacticam_16419.jpg,0.6891611814498901
broadcast_1169.jpg,tacticam_17122.jpg,0.673025369644165
broadcast_117.jpg,tacticam_296.jpg,0.7224119901657104
broadcast_11710.jpg,tacticam_7614.jpg,0.6176812052726746
broadcast_11711.jpg,tacticam_192.jpg,0.7346238493919373
broadcast_1172.jpg,tacticam_332.jpg,0.7948939800262451
broadcast_1173.jpg,tacticam_344.jpg,0.7347888946533203
broadcast_1174.jpg,tacticam_73.jpg,0.8283121585845947
broadcast_1175.jpg,tacticam_8.jpg,0.7149925231933594
broadcast_1176.jpg,tacticam_1419.jpg,0.7782796621322632
broadcast_1177.jpg,tacticam_22.jpg,0.6921709775924683
broadcast_1178.jpg,tacticam_11011.jpg,0.8247020244598389
broadcast_1179.jpg,tacticam_18125.jpg,0.7475259900093079
broadcast_118.jpg,tacticam_1010.jpg,0.7174323797225952
broadcast_11810.jpg,tacticam_134.jpg,0.6739681959152222
broadcast_1182.jpg,tacticam_276.jpg,0.7886282801628113
broadcast_1183.jpg,tacticam_2410.jpg,0.8089528679847717
broadcast_1184.jpg,tacticam_546.jpg,0.7540690898895264
broadcast_1185.jpg,tacticam_8.jpg,0.7009636163711548
broadcast_1186.jpg,tacticam_1619.jpg,0.7973831295967102
broadcast_1187.jpg,tacticam_3820.jpg,0.7727601528167725
broadcast_1188.jpg,tacticam_13820.jpg,0.7759288549423218
broadcast_1189.jpg,tacticam_14717.jpg,0.7336006760597229
broadcast_119.jpg,tacticam_2410.jpg,0.8044061660766602
broadcast_11910.jpg,tacticam_1619.jpg,0.7385239005088806
broadcast_11911.jpg,tacticam_9110.jpg,0.715809166431427
broadcast_11912.jpg,tacticam_2612.jpg,0.7263103127479553
broadcast_11913.jpg,tacticam_1619.jpg,0.7390479445457458
broadcast_1192.jpg,tacticam_4514.jpg,0.73919278383255
broadcast_1193.jpg,tacticam_523.jpg,0.8097052574157715
broadcast_1194.jpg,tacticam_39.jpg,0.6802469491958618
broadcast_1195.jpg,tacticam_546.jpg,0.7773723602294922
broadcast_1196.jpg,tacticam_1619.jpg,0.7883375287055969
broadcast_1197.jpg,tacticam_17712.jpg,0.7784414887428284
broadcast_1198.jpg,tacticam_1619.jpg,0.7927417159080505
broadcast_1199.jpg,tacticam_18127.jpg,0.651511013507843
broadcast_12.jpg,tacticam_11229.jpg,0.5225725173950195
broadcast_120.jpg,tacticam_2010.jpg,0.7984721064567566
broadcast_12010.jpg,tacticam_1473.jpg,0.7286617159843445
broadcast_12011.jpg,tacticam_2612.jpg,0.6885577440261841
broadcast_1202.jpg,tacticam_595.jpg,0.7418484687805176
broadcast_1203.jpg,tacticam_39.jpg,0.6739043593406677
broadcast_1204.jpg,tacticam_546.jpg,0.7195391058921814
broadcast_1205.jpg,tacticam_10410.jpg,0.7276339530944824
broadcast_1206.jpg,tacticam_3011.jpg,0.74665766954422
broadcast_1207.jpg,tacticam_7614.jpg,0.635790228843689
broadcast_1208.jpg,tacticam_711.jpg,0.7876455187797546
broadcast_1209.jpg,tacticam_2410.jpg,0.8134311437606812
broadcast_121.jpg,tacticam_2010.jpg,0.8005380630493164
broadcast_1210.jpg,tacticam_1010.jpg,0.7157180309295654
broadcast_1211.jpg,tacticam_2410.jpg,0.8055688738822937
broadcast_12110.jpg,tacticam_573.jpg,0.7217243909835815
broadcast_12111.jpg,tacticam_656.jpg,0.7369679808616638
broadcast_12112.jpg,tacticam_2121.jpg,0.8054109811782837
broadcast_1212.jpg,tacticam_2004.jpg,0.7197088599205017
broadcast_1213.jpg,tacticam_15019.jpg,0.66963791847229
broadcast_1214.jpg,tacticam_7623.jpg,0.7109980583190918
broadcast_1215.jpg,tacticam_3122.jpg,0.711942732334137
broadcast_1216.jpg,tacticam_8.jpg,0.706156313419342
broadcast_1217.jpg,tacticam_4410.jpg,0.8119134306907654
broadcast_1218.jpg,tacticam_1619.jpg,0.7044734954833984
broadcast_1219.jpg,tacticam_764.jpg,0.6898702383041382
broadcast_122.jpg,tacticam_44.jpg,0.7460197806358337
broadcast_12210.jpg,tacticam_5519.jpg,0.7427729368209839
broadcast_12211.jpg,tacticam_11416.jpg,0.7483008503913879
broadcast_12212.jpg,tacticam_3820.jpg,0.7508350610733032
broadcast_1222.jpg,tacticam_523.jpg,0.8024587035179138
broadcast_1223.jpg,tacticam_242.jpg,0.7070804238319397
broadcast_1224.jpg,tacticam_252.jpg,0.6711809635162354
broadcast_1225.jpg,tacticam_238.jpg,0.759645938873291
broadcast_1226.jpg,tacticam_262.jpg,0.7031828761100769
broadcast_1227.jpg,tacticam_1619.jpg,0.7911313772201538
broadcast_1228.jpg,tacticam_259.jpg,0.7571059465408325
broadcast_1229.jpg,tacticam_12014.jpg,0.7458882331848145
broadcast_123.jpg,tacticam_205.jpg,0.8613000512123108
broadcast_12310.jpg,tacticam_13918.jpg,0.7392725348472595
broadcast_12311.jpg,tacticam_10919.jpg,0.6944513320922852
broadcast_1232.jpg,tacticam_523.jpg,0.8243227601051331
broadcast_1233.jpg,tacticam_54.jpg,0.7753223776817322
broadcast_1234.jpg,tacticam_94.jpg,0.6880388259887695
broadcast_1235.jpg,tacticam_10616.jpg,0.7336527109146118
broadcast_1236.jpg,tacticam_238.jpg,0.7683432102203369
broadcast_1237.jpg,tacticam_5420.jpg,0.64188551902771
broadcast_1238.jpg,tacticam_1619.jpg,0.7767084836959839
broadcast_1239.jpg,tacticam_4224.jpg,0.691055953502655
broadcast_124.jpg,tacticam_242.jpg,0.789355993270874
broadcast_12410.jpg,tacticam_3922.jpg,0.6826485395431519
broadcast_12411.jpg,tacticam_3922.jpg,0.7143466472625732
broadcast_1242.jpg,tacticam_523.jpg,0.8016762137413025
broadcast_1243.jpg,tacticam_238.jpg,0.7387210130691528
broadcast_1244.jpg,tacticam_54.jpg,0.7658265233039856
broadcast_1245.jpg,tacticam_39.jpg,0.6557026505470276
broadcast_1246.jpg,tacticam_44.jpg,0.7358773946762085
broadcast_1247.jpg,tacticam_2410.jpg,0.7519561648368835
broadcast_1248.jpg,tacticam_50.jpg,0.7239506840705872
broadcast_1249.jpg,tacticam_11227.jpg,0.6902132034301758
broadcast_125.jpg,tacticam_1084.jpg,0.820390522480011
broadcast_12510.jpg,tacticam_10014.jpg,0.6990095376968384
broadcast_1252.jpg,tacticam_523.jpg,0.806389570236206
broadcast_1253.jpg,tacticam_3611.jpg,0.7173961400985718
broadcast_1254.jpg,tacticam_238.jpg,0.7826303839683533
broadcast_1255.jpg,tacticam_94.jpg,0.6388590335845947
broadcast_1256.jpg,tacticam_6518.jpg,0.7656549215316772
broadcast_1257.jpg,tacticam_4018.jpg,0.7153934240341187
broadcast_1258.jpg,tacticam_11125.jpg,0.7008161544799805
broadcast_1259.jpg,tacticam_7718.jpg,0.7389641404151917
broadcast_126.jpg,tacticam_6219.jpg,0.7345981597900391
broadcast_12610.jpg,tacticam_5620.jpg,0.7539082765579224
broadcast_12611.jpg,tacticam_19224.jpg,0.6686073541641235
broadcast_1262.jpg,tacticam_2010.jpg,0.7914853096008301
broadcast_1263.jpg,tacticam_3716.jpg,0.7855750918388367
broadcast_1264.jpg,tacticam_54.jpg,0.759469211101532
broadcast_1265.jpg,tacticam_8.jpg,0.6563173532485962
broadcast_1266.jpg,tacticam_917.jpg,0.7359263300895691
broadcast_1267.jpg,tacticam_1619.jpg,0.8033192157745361
broadcast_1268.jpg,tacticam_363.jpg,0.7540596723556519
broadcast_1269.jpg,tacticam_11417.jpg,0.6965700387954712
broadcast_127.jpg,tacticam_1411.jpg,0.6975502967834473
broadcast_128.jpg,tacticam_12114.jpg,0.7655559778213501
broadcast_1282.jpg,tacticam_19621.jpg,0.35068491101264954
broadcast_1283.jpg,tacticam_15226.jpg,0.4553281366825104
broadcast_129.jpg,tacticam_5519.jpg,0.7580702900886536
broadcast_13.jpg,tacticam_19621.jpg,0.6076815128326416
broadcast_1310.jpg,tacticam_5815.jpg,0.7541067600250244
broadcast_1311.jpg,tacticam_2720.jpg,0.7843143343925476
broadcast_1312.jpg,tacticam_2410.jpg,0.8255207538604736
broadcast_132.jpg,tacticam_242.jpg,0.754691481590271
broadcast_133.jpg,tacticam_11214.jpg,0.8221742510795593
broadcast_134.jpg,tacticam_2512.jpg,0.8614970445632935
broadcast_135.jpg,tacticam_2210.jpg,0.696416974067688
broadcast_136.jpg,tacticam_387.jpg,0.7590482234954834
broadcast_137.jpg,tacticam_44.jpg,0.7149478793144226
broadcast_138.jpg,tacticam_44.jpg,0.8154920935630798
broadcast_139.jpg,tacticam_7018.jpg,0.7726542353630066
broadcast_14.jpg,tacticam_44.jpg,0.7656611800193787
broadcast_1410.jpg,tacticam_2410.jpg,0.7943153977394104
broadcast_1411.jpg,tacticam_7921.jpg,0.6994860768318176
broadcast_1412.jpg,tacticam_5815.jpg,0.7795127034187317
broadcast_1413.jpg,tacticam_15019.jpg,0.6629010438919067
broadcast_142.jpg,tacticam_1327.jpg,0.8200352191925049
broadcast_143.jpg,tacticam_510.jpg,0.7705107927322388
broadcast_144.jpg,tacticam_44.jpg,0.812302827835083
broadcast_145.jpg,tacticam_54.jpg,0.859592080116272
broadcast_146.jpg,tacticam_573.jpg,0.8315371870994568
broadcast_147.jpg,tacticam_70.jpg,0.6709648966789246
broadcast_148.jpg,tacticam_387.jpg,0.7228274941444397
broadcast_149.jpg,tacticam_7223.jpg,0.8157025575637817
broadcast_15.jpg,tacticam_206.jpg,0.7258223295211792
broadcast_1510.jpg,tacticam_5815.jpg,0.7677912712097168
broadcast_1511.jpg,tacticam_1338.jpg,0.833171546459198
broadcast_1512.jpg,tacticam_7521.jpg,0.7116610407829285
broadcast_152.jpg,tacticam_315.jpg,0.7737119793891907
broadcast_153.jpg,tacticam_1712.jpg,0.8283669352531433
broadcast_154.jpg,tacticam_98.jpg,0.7802795767784119
broadcast_155.jpg,tacticam_70.jpg,0.7611868977546692
broadcast_156.jpg,tacticam_73.jpg,0.8137763738632202
broadcast_157.jpg,tacticam_7125.jpg,0.8081886768341064
broadcast_158.jpg,tacticam_48.jpg,0.8593993782997131
broadcast_159.jpg,tacticam_387.jpg,0.7468441724777222
broadcast_16.jpg,tacticam_44.jpg,0.7370542883872986
broadcast_1610.jpg,tacticam_2210.jpg,0.7222315669059753
broadcast_1611.jpg,tacticam_5815.jpg,0.8079891800880432
broadcast_162.jpg,tacticam_2720.jpg,0.7883577346801758
broadcast_163.jpg,tacticam_247.jpg,0.8586821556091309
broadcast_164.jpg,tacticam_227.jpg,0.8331212997436523
broadcast_165.jpg,tacticam_2010.jpg,0.8379859924316406
broadcast_166.jpg,tacticam_8.jpg,0.7360348105430603
broadcast_167.jpg,tacticam_2415.jpg,0.7875362634658813
broadcast_168.jpg,tacticam_2410.jpg,0.8296042084693909
broadcast_169.jpg,tacticam_7523.jpg,0.8264870047569275
broadcast_17.jpg,tacticam_523.jpg,0.7593114376068115
broadcast_1710.jpg,tacticam_2121.jpg,0.6720131635665894
broadcast_1711.jpg,tacticam_13.jpg,0.8529632091522217
broadcast_172.jpg,tacticam_3716.jpg,0.752791702747345
broadcast_173.jpg,tacticam_12114.jpg,0.7825394868850708
broadcast_174.jpg,tacticam_2014.jpg,0.8396355509757996
broadcast_175.jpg,tacticam_2010.jpg,0.8181370496749878
broadcast_176.jpg,tacticam_2210.jpg,0.7286757230758667
broadcast_177.jpg,tacticam_11116.jpg,0.7807645797729492
broadcast_178.jpg,tacticam_7523.jpg,0.8017497062683105
broadcast_179.jpg,tacticam_264.jpg,0.7639188766479492
broadcast_18.jpg,tacticam_48.jpg,0.7676551938056946
broadcast_1810.jpg,tacticam_10410.jpg,0.8324987888336182
broadcast_1811.jpg,tacticam_146.jpg,0.7853094935417175
broadcast_1812.jpg,tacticam_2014.jpg,0.8346121311187744
broadcast_182.jpg,tacticam_296.jpg,0.8230912089347839
broadcast_183.jpg,tacticam_523.jpg,0.6916109323501587
broadcast_184.jpg,tacticam_238.jpg,0.820305347442627
broadcast_185.jpg,tacticam_10010.jpg,0.7259301543235779
broadcast_186.jpg,tacticam_510.jpg,0.799315333366394
broadcast_187.jpg,tacticam_2210.jpg,0.7953945994377136
broadcast_188.jpg,tacticam_264.jpg,0.7524513006210327
broadcast_189.jpg,tacticam_8617.jpg,0.7613930702209473
broadcast_19.jpg,tacticam_523.jpg,0.7616556882858276
broadcast_1910.jpg,tacticam_3013.jpg,0.8396142721176147
broadcast_1911.jpg,tacticam_6219.jpg,0.7521156668663025
broadcast_192.jpg,tacticam_523.jpg,0.7545968890190125
broadcast_193.jpg,tacticam_3712.jpg,0.7247152328491211
broadcast_194.jpg,tacticam_704.jpg,0.8446834087371826
broadcast_195.jpg,tacticam_722.jpg,0.809008777141571
broadcast_196.jpg,tacticam_2010.jpg,0.7983747720718384
broadcast_197.jpg,tacticam_16010.jpg,0.751221239566803
broadcast_198.jpg,tacticam_857.jpg,0.7597221732139587
broadcast_199.jpg,tacticam_2410.jpg,0.8152355551719666
broadcast_2.jpg,tacticam_17723.jpg,0.5713765025138855
broadcast_20.jpg,tacticam_50.jpg,0.753122866153717
broadcast_2010.jpg,tacticam_397.jpg,0.8245225548744202
broadcast_2011.jpg,tacticam_6219.jpg,0.7355086207389832
broadcast_202.jpg,tacticam_523.jpg,0.7883654832839966
broadcast_203.jpg,tacticam_5117.jpg,0.8508129119873047
broadcast_204.jpg,tacticam_248.jpg,0.7567694783210754
broadcast_205.jpg,tacticam_70.jpg,0.7576077580451965
broadcast_206.jpg,tacticam_1637.jpg,0.7123637795448303
broadcast_207.jpg,tacticam_4018.jpg,0.6818034648895264
broadcast_208.jpg,tacticam_2010.jpg,0.7952083945274353
broadcast_209.jpg,tacticam_2410.jpg,0.7985986471176147
broadcast_21.jpg,tacticam_25.jpg,0.7715906500816345
broadcast_2110.jpg,tacticam_11911.jpg,0.7197678685188293
broadcast_2111.jpg,tacticam_2410.jpg,0.8105456829071045
broadcast_2112.jpg,tacticam_7921.jpg,0.6801584959030151
broadcast_212.jpg,tacticam_1010.jpg,0.7351680994033813
broadcast_213.jpg,tacticam_523.jpg,0.8109875321388245
broadcast_214.jpg,tacticam_704.jpg,0.8180730938911438
broadcast_215.jpg,tacticam_2010.jpg,0.6477027535438538
broadcast_216.jpg,tacticam_966.jpg,0.7637929916381836
broadcast_217.jpg,tacticam_1010.jpg,0.828468918800354
broadcast_218.jpg,tacticam_248.jpg,0.7819487452507019
broadcast_219.jpg,tacticam_296.jpg,0.81039959192276
broadcast_22.jpg,tacticam_18017.jpg,0.4567221403121948
broadcast_2210.jpg,tacticam_924.jpg,0.7754570841789246
broadcast_2211.jpg,tacticam_11116.jpg,0.7666468620300293
broadcast_2212.jpg,tacticam_2920.jpg,0.7193295955657959
broadcast_222.jpg,tacticam_70.jpg,0.775657594203949
broadcast_223.jpg,tacticam_334.jpg,0.7921314239501953
broadcast_224.jpg,tacticam_2512.jpg,0.8364107012748718
broadcast_225.jpg,tacticam_523.jpg,0.7734906673431396
broadcast_226.jpg,tacticam_932.jpg,0.7193614840507507
broadcast_227.jpg,tacticam_238.jpg,0.80312180519104
broadcast_228.jpg,tacticam_259.jpg,0.770106315612793
broadcast_229.jpg,tacticam_2614.jpg,0.8026973605155945
broadcast_23.jpg,tacticam_523.jpg,0.8057582974433899
broadcast_2310.jpg,tacticam_2210.jpg,0.7722765207290649
broadcast_2311.jpg,tacticam_2920.jpg,0.7456805109977722
broadcast_232.jpg,tacticam_1010.jpg,0.7438561916351318
broadcast_233.jpg,tacticam_54.jpg,0.8275483846664429
broadcast_234.jpg,tacticam_595.jpg,0.7772622108459473
broadcast_235.jpg,tacticam_106.jpg,0.8175105452537537
broadcast_236.jpg,tacticam_130.jpg,0.7536367774009705
broadcast_237.jpg,tacticam_13.jpg,0.8010061979293823
broadcast_238.jpg,tacticam_22.jpg,0.7791240215301514
broadcast_239.jpg,tacticam_11116.jpg,0.7524555325508118
broadcast_24.jpg,tacticam_646.jpg,0.7802390456199646
broadcast_2410.jpg,tacticam_2720.jpg,0.7587801814079285
broadcast_2411.jpg,tacticam_2920.jpg,0.7413568496704102
broadcast_2412.jpg,tacticam_7921.jpg,0.6860336065292358
broadcast_242.jpg,tacticam_70.jpg,0.8267378211021423
broadcast_243.jpg,tacticam_25.jpg,0.7504721283912659
broadcast_244.jpg,tacticam_130.jpg,0.715076744556427
broadcast_245.jpg,tacticam_44.jpg,0.7834138870239258
broadcast_246.jpg,tacticam_54.jpg,0.7519213557243347
broadcast_247.jpg,tacticam_722.jpg,0.7391821146011353
broadcast_248.jpg,tacticam_2210.jpg,0.7517282962799072
broadcast_249.jpg,tacticam_73.jpg,0.7755456566810608
broadcast_25.jpg,tacticam_73.jpg,0.8381938934326172
broadcast_2510.jpg,tacticam_2014.jpg,0.8574753999710083
broadcast_2511.jpg,tacticam_2210.jpg,0.7764121294021606
broadcast_2512.jpg,tacticam_7921.jpg,0.658112645149231
broadcast_252.jpg,tacticam_44.jpg,0.7742640376091003
broadcast_253.jpg,tacticam_1006.jpg,0.721035897731781
broadcast_254.jpg,tacticam_7.jpg,0.7958834171295166
broadcast_255.jpg,tacticam_296.jpg,0.7849404215812683
broadcast_256.jpg,tacticam_9613.jpg,0.7515507936477661
broadcast_257.jpg,tacticam_106.jpg,0.7263689041137695
broadcast_258.jpg,tacticam_2210.jpg,0.7747089862823486
broadcast_259.jpg,tacticam_2920.jpg,0.7742380499839783
broadcast_26.jpg,tacticam_4610.jpg,0.731520414352417
broadcast_2610.jpg,tacticam_19817.jpg,0.7862977981567383
broadcast_2611.jpg,tacticam_20125.jpg,0.7157754302024841
broadcast_2612.jpg,tacticam_2920.jpg,0.7473523616790771
broadcast_2613.jpg,tacticam_22.jpg,0.7500596642494202
broadcast_2614.jpg,tacticam_523.jpg,0.7566942572593689
broadcast_262.jpg,tacticam_523.jpg,0.8656831979751587
broadcast_263.jpg,tacticam_277.jpg,0.806998074054718
broadcast_264.jpg,tacticam_2010.jpg,0.7773305177688599
broadcast_265.jpg,tacticam_106.jpg,0.7271097898483276
broadcast_266.jpg,tacticam_2210.jpg,0.7493678331375122
broadcast_267.jpg,tacticam_722.jpg,0.8502416014671326
broadcast_268.jpg,tacticam_2014.jpg,0.8686572313308716
broadcast_269.jpg,tacticam_2210.jpg,0.7444756031036377
broadcast_27.jpg,tacticam_2010.jpg,0.7533303499221802
broadcast_2710.jpg,tacticam_2210.jpg,0.6933841109275818
broadcast_2711.jpg,tacticam_5815.jpg,0.6782528758049011
broadcast_2712.jpg,tacticam_7921.jpg,0.715980052947998
broadcast_272.jpg,tacticam_523.jpg,0.832603394985199
broadcast_273.jpg,tacticam_3115.jpg,0.8464626669883728
broadcast_274.jpg,tacticam_77.jpg,0.7592365145683289
broadcast_275.jpg,tacticam_3113.jpg,0.8097655177116394
broadcast_276.jpg,tacticam_2210.jpg,0.7835033535957336
broadcast_277.jpg,tacticam_4018.jpg,0.7129653096199036
broadcast_278.jpg,tacticam_296.jpg,0.8375746011734009
broadcast_279.jpg,tacticam_22.jpg,0.7477801442146301
broadcast_28.jpg,tacticam_2010.jpg,0.7896551489830017
broadcast_2810.jpg,tacticam_73.jpg,0.7648100256919861
broadcast_2811.jpg,tacticam_20125.jpg,0.6479882001876831
broadcast_2812.jpg,tacticam_264.jpg,0.6852543354034424
broadcast_282.jpg,tacticam_2210.jpg,0.7626292109489441
broadcast_283.jpg,tacticam_523.jpg,0.8335114121437073
broadcast_284.jpg,tacticam_296.jpg,0.7696537375450134
broadcast_285.jpg,tacticam_5117.jpg,0.860783040523529
broadcast_286.jpg,tacticam_1452.jpg,0.7442524433135986
broadcast_287.jpg,tacticam_722.jpg,0.6847891807556152
broadcast_288.jpg,tacticam_7611.jpg,0.8395113945007324
broadcast_289.jpg,tacticam_2210.jpg,0.7289896011352539
broadcast_29.jpg,tacticam_523.jpg,0.8201190233230591
broadcast_2910.jpg,tacticam_106.jpg,0.7835656404495239
broadcast_2911.jpg,tacticam_264.jpg,0.6111301183700562
broadcast_2912.jpg,tacticam_20125.jpg,0.6165820956230164
broadcast_292.jpg,tacticam_5117.jpg,0.8516767024993896
broadcast_293.jpg,tacticam_2010.jpg,0.8004953861236572
broadcast_294.jpg,tacticam_798.jpg,0.7745797634124756
broadcast_295.jpg,tacticam_2210.jpg,0.73804771900177
broadcast_296.jpg,tacticam_1452.jpg,0.7640239596366882
broadcast_297.jpg,tacticam_39.jpg,0.7463285326957703
broadcast_298.jpg,tacticam_16713.jpg,0.7902786731719971
broadcast_299.jpg,tacticam_2121.jpg,0.8410153985023499
broadcast_3.jpg,tacticam_17623.jpg,0.5752254128456116
broadcast_30.jpg,tacticam_276.jpg,0.7634284496307373
broadcast_3010.jpg,tacticam_4514.jpg,0.7032663226127625
broadcast_3011.jpg,tacticam_4713.jpg,0.6838024258613586
broadcast_3012.jpg,tacticam_20125.jpg,0.6636870503425598
broadcast_302.jpg,tacticam_5117.jpg,0.8233552575111389
broadcast_303.jpg,tacticam_1263.jpg,0.7558597922325134
broadcast_304.jpg,tacticam_48.jpg,0.8535604476928711
broadcast_305.jpg,tacticam_523.jpg,0.7939339280128479
broadcast_306.jpg,tacticam_2210.jpg,0.7318993806838989
broadcast_307.jpg,tacticam_5218.jpg,0.7229031324386597
broadcast_308.jpg,tacticam_39.jpg,0.7876410484313965
broadcast_309.jpg,tacticam_3716.jpg,0.7889195084571838
broadcast_31.jpg,tacticam_523.jpg,0.7644891738891602
broadcast_3110.jpg,tacticam_4129.jpg,0.7504801154136658
broadcast_3111.jpg,tacticam_4713.jpg,0.6745401620864868
broadcast_312.jpg,tacticam_296.jpg,0.7724223732948303
broadcast_313.jpg,tacticam_2512.jpg,0.8132296800613403
broadcast_314.jpg,tacticam_2210.jpg,0.79031902551651
broadcast_315.jpg,tacticam_523.jpg,0.8040187358856201
broadcast_316.jpg,tacticam_12210.jpg,0.7950160503387451
broadcast_317.jpg,tacticam_39.jpg,0.7480021715164185
broadcast_318.jpg,tacticam_2210.jpg,0.7420592904090881
broadcast_319.jpg,tacticam_236.jpg,0.8004384636878967
broadcast_32.jpg,tacticam_1689.jpg,0.4137672781944275
broadcast_3210.jpg,tacticam_2210.jpg,0.753818929195404
broadcast_3211.jpg,tacticam_2010.jpg,0.7088449597358704
broadcast_3212.jpg,tacticam_4713.jpg,0.6734054088592529
broadcast_322.jpg,tacticam_206.jpg,0.7328966856002808
broadcast_323.jpg,tacticam_234.jpg,0.7569714188575745
broadcast_324.jpg,tacticam_473.jpg,0.8032214641571045
broadcast_325.jpg,tacticam_2512.jpg,0.8209541440010071
broadcast_326.jpg,tacticam_523.jpg,0.7658517360687256
broadcast_327.jpg,tacticam_39.jpg,0.7565737962722778
broadcast_328.jpg,tacticam_98.jpg,0.7756258249282837
broadcast_329.jpg,tacticam_106.jpg,0.8228707909584045
broadcast_33.jpg,tacticam_11417.jpg,0.505311131477356
broadcast_3310.jpg,tacticam_6618.jpg,0.7632563710212708
broadcast_3311.jpg,tacticam_4713.jpg,0.6857194900512695
broadcast_3312.jpg,tacticam_44.jpg,0.7099631428718567
broadcast_3313.jpg,tacticam_4818.jpg,0.7564914226531982
broadcast_3314.jpg,tacticam_4018.jpg,0.721973180770874
broadcast_332.jpg,tacticam_523.jpg,0.7145307660102844
broadcast_333.jpg,tacticam_248.jpg,0.8165011405944824
broadcast_334.jpg,tacticam_523.jpg,0.7744024991989136
broadcast_335.jpg,tacticam_234.jpg,0.7556576132774353
broadcast_336.jpg,tacticam_2512.jpg,0.8464829921722412
broadcast_337.jpg,tacticam_39.jpg,0.81577467918396
broadcast_338.jpg,tacticam_2210.jpg,0.7894830703735352
broadcast_339.jpg,tacticam_1620.jpg,0.8041369318962097
broadcast_34.jpg,tacticam_11229.jpg,0.6095736622810364
broadcast_3410.jpg,tacticam_6618.jpg,0.7963302731513977
broadcast_3411.jpg,tacticam_933.jpg,0.7440147995948792
broadcast_3412.jpg,tacticam_1521.jpg,0.6697333455085754
broadcast_342.jpg,tacticam_523.jpg,0.787591814994812
broadcast_343.jpg,tacticam_1712.jpg,0.8210123777389526
broadcast_344.jpg,tacticam_238.jpg,0.8275356292724609
broadcast_345.jpg,tacticam_54.jpg,0.8364583253860474
broadcast_346.jpg,tacticam_106.jpg,0.8136059045791626
broadcast_347.jpg,tacticam_772.jpg,0.8018390536308289
broadcast_348.jpg,tacticam_94.jpg,0.8395195603370667
broadcast_349.jpg,tacticam_2210.jpg,0.7867001891136169
broadcast_35.jpg,tacticam_46.jpg,0.811557412147522
broadcast_3510.jpg,tacticam_4921.jpg,0.7759599089622498
broadcast_3511.jpg,tacticam_2723.jpg,0.6800155639648438
broadcast_3512.jpg,tacticam_675.jpg,0.7531003952026367
broadcast_3513.jpg,tacticam_247.jpg,0.7931461930274963
broadcast_352.jpg,tacticam_1712.jpg,0.7555122375488281
broadcast_353.jpg,tacticam_523.jpg,0.8217546939849854
broadcast_354.jpg,tacticam_106.jpg,0.8269082307815552
broadcast_355.jpg,tacticam_242.jpg,0.7509654760360718
broadcast_356.jpg,tacticam_8.jpg,0.8690630197525024
broadcast_357.jpg,tacticam_2210.jpg,0.8378785252571106
broadcast_358.jpg,tacticam_247.jpg,0.8236518502235413
broadcast_359.jpg,tacticam_2410.jpg,0.7857965230941772
broadcast_36.jpg,tacticam_262.jpg,0.7741062045097351
broadcast_3610.jpg,tacticam_4018.jpg,0.6782189607620239
broadcast_3611.jpg,tacticam_106.jpg,0.683059573173523
broadcast_3612.jpg,tacticam_2723.jpg,0.6588307023048401
broadcast_362.jpg,tacticam_622.jpg,0.8120245933532715
broadcast_363.jpg,tacticam_523.jpg,0.8137680888175964
broadcast_364.jpg,tacticam_511.jpg,0.7817139029502869
broadcast_365.jpg,tacticam_252.jpg,0.8093968629837036
broadcast_366.jpg,tacticam_2210.jpg,0.808685839176178
broadcast_367.jpg,tacticam_2014.jpg,0.7883428335189819
broadcast_368.jpg,tacticam_98.jpg,0.7729901075363159
broadcast_369.jpg,tacticam_408.jpg,0.8405745625495911
broadcast_37.jpg,tacticam_836.jpg,0.7840745449066162
broadcast_3710.jpg,tacticam_1520.jpg,0.6880912780761719
broadcast_3711.jpg,tacticam_2714.jpg,0.7573253512382507
broadcast_3712.jpg,tacticam_2121.jpg,0.686527669429779
broadcast_372.jpg,tacticam_595.jpg,0.7905464768409729
broadcast_373.jpg,tacticam_2512.jpg,0.8343952298164368
broadcast_374.jpg,tacticam_979.jpg,0.7857877016067505
broadcast_375.jpg,tacticam_8.jpg,0.8424909114837646
broadcast_376.jpg,tacticam_523.jpg,0.7206061482429504
broadcast_377.jpg,tacticam_73.jpg,0.771440863609314
broadcast_378.jpg,tacticam_1084.jpg,0.7770220041275024
broadcast_379.jpg,tacticam_5421.jpg,0.8178802728652954
broadcast_38.jpg,tacticam_334.jpg,0.7822459936141968
broadcast_3810.jpg,tacticam_3712.jpg,0.7146939635276794
broadcast_3811.jpg,tacticam_4018.jpg,0.7350913286209106
broadcast_3812.jpg,tacticam_722.jpg,0.7881791591644287
broadcast_382.jpg,tacticam_252.jpg,0.8351362943649292
broadcast_383.jpg,tacticam_109.jpg,0.7375730276107788
broadcast_384.jpg,tacticam_565.jpg,0.7824859023094177
broadcast_385.jpg,tacticam_73.jpg,0.769070029258728
broadcast_386.jpg,tacticam_979.jpg,0.8417658805847168
broadcast_387.jpg,tacticam_22.jpg,0.8145439624786377
broadcast_388.jpg,tacticam_242.jpg,0.7619069814682007
broadcast_389.jpg,tacticam_15416.jpg,0.6577724814414978
broadcast_39.jpg,tacticam_502.jpg,0.7783010005950928
broadcast_3910.jpg,tacticam_1313.jpg,0.774087131023407
broadcast_3911.jpg,tacticam_15416.jpg,0.671145498752594
broadcast_392.jpg,tacticam_248.jpg,0.856220006942749
broadcast_393.jpg,tacticam_89.jpg,0.7852981090545654
broadcast_394.jpg,tacticam_565.jpg,0.7870820164680481
broadcast_395.jpg,tacticam_22.jpg,0.8238813281059265
broadcast_396.jpg,tacticam_46.jpg,0.8446917533874512
broadcast_397.jpg,tacticam_523.jpg,0.8351606726646423
broadcast_398.jpg,tacticam_12022.jpg,0.7186594605445862
broadcast_399.jpg,tacticam_106.jpg,0.8278251886367798
broadcast_4.jpg,tacticam_11229.jpg,0.5369383096694946
broadcast_40.jpg,tacticam_248.jpg,0.8430143594741821
broadcast_4010.jpg,tacticam_422.jpg,0.7560471296310425
broadcast_4011.jpg,tacticam_3820.jpg,0.7638581991195679
broadcast_402.jpg,tacticam_2010.jpg,0.7759456038475037
broadcast_403.jpg,tacticam_2512.jpg,0.8391574025154114
broadcast_404.jpg,tacticam_227.jpg,0.834632158279419
broadcast_405.jpg,tacticam_3113.jpg,0.820919394493103
broadcast_406.jpg,tacticam_979.jpg,0.8641462922096252
broadcast_407.jpg,tacticam_77.jpg,0.7937150001525879
broadcast_408.jpg,tacticam_1620.jpg,0.801136314868927
broadcast_409.jpg,tacticam_12721.jpg,0.6920333504676819
broadcast_41.jpg,tacticam_8.jpg,0.7898257970809937
broadcast_4110.jpg,tacticam_11317.jpg,0.6908972859382629
broadcast_4111.jpg,tacticam_122.jpg,0.6734699010848999
broadcast_412.jpg,tacticam_2512.jpg,0.8116490244865417
broadcast_413.jpg,tacticam_3716.jpg,0.8157147765159607
broadcast_414.jpg,tacticam_262.jpg,0.8137558698654175
broadcast_415.jpg,tacticam_227.jpg,0.8310478329658508
broadcast_416.jpg,tacticam_2010.jpg,0.7891966700553894
broadcast_417.jpg,tacticam_979.jpg,0.840817928314209
broadcast_418.jpg,tacticam_2010.jpg,0.7793219089508057
broadcast_419.jpg,tacticam_5519.jpg,0.7609965801239014
broadcast_42.jpg,tacticam_12719.jpg,0.3809039890766144
broadcast_4210.jpg,tacticam_3820.jpg,0.6613088846206665
broadcast_4211.jpg,tacticam_11317.jpg,0.6806154251098633
broadcast_4212.jpg,tacticam_122.jpg,0.6640276908874512
broadcast_4213.jpg,tacticam_8021.jpg,0.6567919254302979
broadcast_422.jpg,tacticam_2210.jpg,0.7991889119148254
broadcast_423.jpg,tacticam_262.jpg,0.7946227192878723
broadcast_424.jpg,tacticam_48.jpg,0.8289056420326233
broadcast_425.jpg,tacticam_523.jpg,0.8486112952232361
broadcast_426.jpg,tacticam_532.jpg,0.7488489747047424
broadcast_427.jpg,tacticam_346.jpg,0.8676323294639587
broadcast_428.jpg,tacticam_72.jpg,0.8161773085594177
broadcast_429.jpg,tacticam_98.jpg,0.7935844659805298
broadcast_43.jpg,tacticam_2210.jpg,0.8118698596954346
broadcast_4310.jpg,tacticam_5127.jpg,0.7542095184326172
broadcast_4311.jpg,tacticam_1293.jpg,0.7171383500099182
broadcast_4312.jpg,tacticam_4623.jpg,0.5325936675071716
broadcast_4313.jpg,tacticam_3820.jpg,0.692136824131012
broadcast_432.jpg,tacticam_523.jpg,0.7749272584915161
broadcast_433.jpg,tacticam_3716.jpg,0.811234712600708
broadcast_434.jpg,tacticam_523.jpg,0.8111953139305115
broadcast_435.jpg,tacticam_782.jpg,0.7709833383560181
broadcast_436.jpg,tacticam_9812.jpg,0.7535624504089355
broadcast_437.jpg,tacticam_948.jpg,0.767432689666748
broadcast_438.jpg,tacticam_2121.jpg,0.8161563873291016
broadcast_439.jpg,tacticam_39.jpg,0.8079524636268616
broadcast_44.jpg,tacticam_828.jpg,0.7905135154724121
broadcast_4410.jpg,tacticam_4522.jpg,0.7018401622772217
broadcast_4411.jpg,tacticam_212.jpg,0.6470752954483032
broadcast_4412.jpg,tacticam_2010.jpg,0.6399215459823608
broadcast_442.jpg,tacticam_523.jpg,0.7788076996803284
broadcast_443.jpg,tacticam_2210.jpg,0.7567592263221741
broadcast_444.jpg,tacticam_7611.jpg,0.8206230401992798
broadcast_445.jpg,tacticam_11711.jpg,0.8035179972648621
broadcast_446.jpg,tacticam_336.jpg,0.8293150067329407
broadcast_447.jpg,tacticam_12918.jpg,0.7653581500053406
broadcast_448.jpg,tacticam_5721.jpg,0.705064594745636
broadcast_449.jpg,tacticam_22.jpg,0.6850035786628723
broadcast_45.jpg,tacticam_828.jpg,0.7428021430969238
broadcast_4510.jpg,tacticam_4921.jpg,0.6953018307685852
broadcast_4511.jpg,tacticam_11522.jpg,0.6958102583885193
broadcast_4512.jpg,tacticam_5019.jpg,0.7219251990318298
broadcast_4513.jpg,tacticam_1521.jpg,0.6996627449989319
broadcast_4514.jpg,tacticam_11522.jpg,0.6506653428077698
broadcast_452.jpg,tacticam_39.jpg,0.7847815155982971
broadcast_453.jpg,tacticam_523.jpg,0.7711687088012695
broadcast_454.jpg,tacticam_2512.jpg,0.8276037573814392
broadcast_455.jpg,tacticam_48.jpg,0.8405699133872986
broadcast_456.jpg,tacticam_5421.jpg,0.7949367165565491
broadcast_457.jpg,tacticam_13220.jpg,0.7718189358711243
broadcast_458.jpg,tacticam_5521.jpg,0.709797203540802
broadcast_459.jpg,tacticam_11422.jpg,0.7197903990745544
broadcast_46.jpg,tacticam_2210.jpg,0.7742935419082642
broadcast_4610.jpg,tacticam_3820.jpg,0.7404964566230774
broadcast_4611.jpg,tacticam_9722.jpg,0.66907799243927
broadcast_4612.jpg,tacticam_13722.jpg,0.7053345441818237
broadcast_462.jpg,tacticam_2512.jpg,0.8391598463058472
broadcast_463.jpg,tacticam_44.jpg,0.7548599243164062
broadcast_464.jpg,tacticam_523.jpg,0.8014408349990845
broadcast_465.jpg,tacticam_48.jpg,0.8427414298057556
broadcast_466.jpg,tacticam_35.jpg,0.7682293653488159
broadcast_467.jpg,tacticam_19.jpg,0.761559784412384
broadcast_468.jpg,tacticam_520.jpg,0.7156901955604553
broadcast_469.jpg,tacticam_24.jpg,0.6835430860519409
broadcast_47.jpg,tacticam_2512.jpg,0.8267098665237427
broadcast_4710.jpg,tacticam_1007.jpg,0.6987260580062866
broadcast_4711.jpg,tacticam_11012.jpg,0.7059286236763
broadcast_4712.jpg,tacticam_1418.jpg,0.6775931119918823
broadcast_472.jpg,tacticam_44.jpg,0.7947856187820435
broadcast_473.jpg,tacticam_2210.jpg,0.780278742313385
broadcast_474.jpg,tacticam_252.jpg,0.7777424454689026
broadcast_475.jpg,tacticam_253.jpg,0.796856701374054
broadcast_476.jpg,tacticam_59.jpg,0.7836608290672302
broadcast_477.jpg,tacticam_5420.jpg,0.7582400441169739
broadcast_478.jpg,tacticam_11116.jpg,0.693739652633667
broadcast_479.jpg,tacticam_5521.jpg,0.6934706568717957
broadcast_48.jpg,tacticam_473.jpg,0.7988362908363342
broadcast_482.jpg,tacticam_262.jpg,0.7946283221244812
broadcast_483.jpg,tacticam_8.jpg,0.7685574889183044
broadcast_484.jpg,tacticam_2512.jpg,0.8305478096008301
broadcast_485.jpg,tacticam_523.jpg,0.8138382434844971
broadcast_486.jpg,tacticam_2010.jpg,0.68376225233078
broadcast_487.jpg,tacticam_6618.jpg,0.7875598073005676
broadcast_488.jpg,tacticam_2614.jpg,0.844027578830719
broadcast_49.jpg,tacticam_44.jpg,0.8054133653640747
broadcast_4910.jpg,tacticam_2014.jpg,0.7527456879615784
broadcast_4911.jpg,tacticam_13223.jpg,0.7048499584197998
broadcast_492.jpg,tacticam_3716.jpg,0.8123642206192017
broadcast_493.jpg,tacticam_2714.jpg,0.7651435136795044
broadcast_494.jpg,tacticam_98.jpg,0.7715148329734802
broadcast_495.jpg,tacticam_523.jpg,0.7617389559745789
broadcast_496.jpg,tacticam_2720.jpg,0.6970652341842651
broadcast_497.jpg,tacticam_525.jpg,0.8208306431770325
broadcast_498.jpg,tacticam_704.jpg,0.7816361784934998
broadcast_499.jpg,tacticam_247.jpg,0.8182512521743774
broadcast_5.jpg,tacticam_12718.jpg,0.5376942753791809
broadcast_50.jpg,tacticam_2010.jpg,0.7764036655426025
broadcast_5010.jpg,tacticam_5721.jpg,0.7087703347206116
broadcast_5011.jpg,tacticam_14325.jpg,0.7460154294967651
broadcast_502.jpg,tacticam_3716.jpg,0.8082594871520996
broadcast_503.jpg,tacticam_646.jpg,0.7144272327423096
broadcast_504.jpg,tacticam_2210.jpg,0.8056526184082031
broadcast_505.jpg,tacticam_2614.jpg,0.7499174475669861
broadcast_506.jpg,tacticam_10616.jpg,0.6940405368804932
broadcast_507.jpg,tacticam_98.jpg,0.7374195456504822
broadcast_508.jpg,tacticam_89.jpg,0.8236219882965088
broadcast_509.jpg,tacticam_205.jpg,0.784621000289917
broadcast_51.jpg,tacticam_242.jpg,0.8033696413040161
broadcast_5110.jpg,tacticam_533.jpg,0.8058965802192688
broadcast_5111.jpg,tacticam_2919.jpg,0.7929852604866028
broadcast_5112.jpg,tacticam_15416.jpg,0.6800901293754578
broadcast_512.jpg,tacticam_646.jpg,0.7672145962715149
broadcast_513.jpg,tacticam_238.jpg,0.8446061611175537
broadcast_514.jpg,tacticam_2210.jpg,0.787224292755127
broadcast_515.jpg,tacticam_3013.jpg,0.8047985434532166
broadcast_516.jpg,tacticam_2720.jpg,0.7065837979316711
broadcast_517.jpg,tacticam_11317.jpg,0.70279860496521
broadcast_518.jpg,tacticam_2014.jpg,0.7578256130218506
broadcast_519.jpg,tacticam_2014.jpg,0.7645256519317627
broadcast_52.jpg,tacticam_17522.jpg,0.538385808467865
broadcast_5210.jpg,tacticam_3123.jpg,0.7430256605148315
broadcast_5211.jpg,tacticam_421.jpg,0.7031784653663635
broadcast_5212.jpg,tacticam_14924.jpg,0.6827360987663269
broadcast_5213.jpg,tacticam_5521.jpg,0.7636945843696594
broadcast_522.jpg,tacticam_1712.jpg,0.7904794812202454
broadcast_523.jpg,tacticam_2614.jpg,0.7984932661056519
broadcast_524.jpg,tacticam_2210.jpg,0.7563146352767944
broadcast_525.jpg,tacticam_236.jpg,0.7455804944038391
broadcast_526.jpg,tacticam_363.jpg,0.8223836421966553
broadcast_527.jpg,tacticam_3013.jpg,0.8025708794593811
broadcast_528.jpg,tacticam_39.jpg,0.69174724817276
broadcast_529.jpg,tacticam_649.jpg,0.8143489956855774
broadcast_53.jpg,tacticam_17522.jpg,0.47116348147392273
broadcast_5310.jpg,tacticam_13221.jpg,0.7413666248321533
broadcast_5311.jpg,tacticam_4422.jpg,0.6954433917999268
broadcast_5312.jpg,tacticam_14924.jpg,0.7576113939285278
broadcast_532.jpg,tacticam_2010.jpg,0.8179143667221069
broadcast_533.jpg,tacticam_2210.jpg,0.8083453178405762
broadcast_534.jpg,tacticam_523.jpg,0.8372740149497986
broadcast_535.jpg,tacticam_2614.jpg,0.7658626437187195
broadcast_536.jpg,tacticam_10810.jpg,0.8227226734161377
broadcast_537.jpg,tacticam_1313.jpg,0.8535292148590088
broadcast_538.jpg,tacticam_1815.jpg,0.7173200845718384
broadcast_539.jpg,tacticam_4722.jpg,0.8001299500465393
broadcast_54.jpg,tacticam_17522.jpg,0.6068840622901917
broadcast_5410.jpg,tacticam_1094.jpg,0.7982770204544067
broadcast_5411.jpg,tacticam_782.jpg,0.7400577068328857
broadcast_5412.jpg,tacticam_14924.jpg,0.7412712574005127
broadcast_5413.jpg,tacticam_9815.jpg,0.7628154754638672
broadcast_542.jpg,tacticam_56.jpg,0.7721309661865234
broadcast_543.jpg,tacticam_2210.jpg,0.7891234755516052
broadcast_544.jpg,tacticam_523.jpg,0.8056942820549011
broadcast_545.jpg,tacticam_224.jpg,0.7573390603065491
broadcast_546.jpg,tacticam_3013.jpg,0.8271294832229614
broadcast_547.jpg,tacticam_605.jpg,0.8207894563674927
broadcast_548.jpg,tacticam_1815.jpg,0.7336531281471252
broadcast_549.jpg,tacticam_3122.jpg,0.7119731903076172
broadcast_55.jpg,tacticam_1292.jpg,0.770697832107544
broadcast_552.jpg,tacticam_252.jpg,0.8024186491966248
broadcast_553.jpg,tacticam_332.jpg,0.760853111743927
broadcast_554.jpg,tacticam_5117.jpg,0.8021858334541321
broadcast_555.jpg,tacticam_2210.jpg,0.8021483421325684
broadcast_556.jpg,tacticam_1313.jpg,0.7602665424346924
broadcast_557.jpg,tacticam_224.jpg,0.7558151483535767
broadcast_558.jpg,tacticam_106.jpg,0.7456978559494019
broadcast_559.jpg,tacticam_10718.jpg,0.671970009803772
broadcast_56.jpg,tacticam_1292.jpg,0.7190214395523071
broadcast_5610.jpg,tacticam_975.jpg,0.7017244696617126
broadcast_5611.jpg,tacticam_3018.jpg,0.7891547679901123
broadcast_562.jpg,tacticam_248.jpg,0.8000901341438293
broadcast_563.jpg,tacticam_242.jpg,0.7823323011398315
broadcast_564.jpg,tacticam_70.jpg,0.8034275770187378
broadcast_565.jpg,tacticam_224.jpg,0.7284791469573975
broadcast_566.jpg,tacticam_1928.jpg,0.805701494216919
broadcast_567.jpg,tacticam_10917.jpg,0.7572605609893799
broadcast_568.jpg,tacticam_247.jpg,0.8486953377723694
broadcast_569.jpg,tacticam_1313.jpg,0.7040205001831055
broadcast_57.jpg,tacticam_63.jpg,0.7708053588867188
broadcast_5710.jpg,tacticam_10620.jpg,0.7315939664840698
broadcast_5711.jpg,tacticam_13223.jpg,0.740391731262207
broadcast_5712.jpg,tacticam_13722.jpg,0.7274810075759888
broadcast_572.jpg,tacticam_70.jpg,0.8506166934967041
broadcast_573.jpg,tacticam_248.jpg,0.7923569083213806
broadcast_574.jpg,tacticam_253.jpg,0.7489559054374695
broadcast_575.jpg,tacticam_224.jpg,0.8135443925857544
broadcast_576.jpg,tacticam_3018.jpg,0.7696009278297424
broadcast_577.jpg,tacticam_13220.jpg,0.7590519189834595
broadcast_578.jpg,tacticam_1213.jpg,0.7320133447647095
broadcast_579.jpg,tacticam_1722.jpg,0.7468913793563843
broadcast_58.jpg,tacticam_282.jpg,0.767988383769989
broadcast_5810.jpg,tacticam_14918.jpg,0.7327371835708618
broadcast_5811.jpg,tacticam_11423.jpg,0.72272127866745
broadcast_582.jpg,tacticam_70.jpg,0.7957652807235718
broadcast_583.jpg,tacticam_252.jpg,0.7436143159866333
broadcast_584.jpg,tacticam_253.jpg,0.7603518962860107
broadcast_585.jpg,tacticam_54.jpg,0.8262397050857544
broadcast_586.jpg,tacticam_18411.jpg,0.7579925656318665
broadcast_587.jpg,tacticam_73.jpg,0.7860691547393799
broadcast_588.jpg,tacticam_149.jpg,0.716282844543457
broadcast_589.jpg,tacticam_11011.jpg,0.7682591676712036
broadcast_59.jpg,tacticam_70.jpg,0.8188775777816772
broadcast_5910.jpg,tacticam_11011.jpg,0.7572826147079468
broadcast_5911.jpg,tacticam_11522.jpg,0.7105641961097717
broadcast_592.jpg,tacticam_2611.jpg,0.7825315594673157
broadcast_593.jpg,tacticam_649.jpg,0.8038654327392578
broadcast_594.jpg,tacticam_2210.jpg,0.7907789945602417
broadcast_595.jpg,tacticam_253.jpg,0.8198897838592529
broadcast_596.jpg,tacticam_13220.jpg,0.780539870262146
broadcast_597.jpg,tacticam_322.jpg,0.7245716452598572
broadcast_598.jpg,tacticam_4118.jpg,0.7052940130233765
broadcast_599.jpg,tacticam_13223.jpg,0.6980271339416504
broadcast_6.jpg,tacticam_523.jpg,0.80812007188797
broadcast_60.jpg,tacticam_543.jpg,0.8270471096038818
broadcast_6010.jpg,tacticam_3122.jpg,0.7170257568359375
broadcast_6011.jpg,tacticam_13223.jpg,0.7302107810974121
broadcast_602.jpg,tacticam_70.jpg,0.8484974503517151
broadcast_603.jpg,tacticam_39.jpg,0.784800112247467
broadcast_604.jpg,tacticam_1016.jpg,0.780451774597168
broadcast_605.jpg,tacticam_523.jpg,0.7922711968421936
broadcast_606.jpg,tacticam_13220.jpg,0.7532356381416321
broadcast_607.jpg,tacticam_22.jpg,0.7611538767814636
broadcast_608.jpg,tacticam_782.jpg,0.7745596766471863
broadcast_609.jpg,tacticam_619.jpg,0.7022402882575989
broadcast_61.jpg,tacticam_543.jpg,0.8452005982398987
broadcast_610.jpg,tacticam_98.jpg,0.7796194553375244
broadcast_611.jpg,tacticam_3716.jpg,0.8174008131027222
broadcast_6110.jpg,tacticam_15416.jpg,0.7214760184288025
broadcast_6111.jpg,tacticam_619.jpg,0.7144192457199097
broadcast_612.jpg,tacticam_1263.jpg,0.826066255569458
broadcast_613.jpg,tacticam_2210.jpg,0.7469883561134338
broadcast_614.jpg,tacticam_94.jpg,0.7630519270896912
broadcast_615.jpg,tacticam_70.jpg,0.8489965796470642
broadcast_616.jpg,tacticam_145.jpg,0.7805706262588501
broadcast_617.jpg,tacticam_12921.jpg,0.7539864182472229
broadcast_618.jpg,tacticam_98.jpg,0.7282189726829529
broadcast_619.jpg,tacticam_1117.jpg,0.7383341193199158
broadcast_62.jpg,tacticam_403.jpg,0.79485684633255
broadcast_6210.jpg,tacticam_106.jpg,0.757992684841156
broadcast_6211.jpg,tacticam_679.jpg,0.7211189270019531
broadcast_6212.jpg,tacticam_3820.jpg,0.7054904103279114
broadcast_622.jpg,tacticam_181.jpg,0.7979798316955566
broadcast_623.jpg,tacticam_2512.jpg,0.8299016952514648
broadcast_624.jpg,tacticam_3013.jpg,0.7488452196121216
broadcast_625.jpg,tacticam_2210.jpg,0.750691294670105
broadcast_626.jpg,tacticam_782.jpg,0.7826271653175354
broadcast_627.jpg,tacticam_10718.jpg,0.7073942422866821
broadcast_628.jpg,tacticam_70.jpg,0.8232063055038452
broadcast_629.jpg,tacticam_15416.jpg,0.7144986391067505
broadcast_63.jpg,tacticam_386.jpg,0.8433847427368164
broadcast_6310.jpg,tacticam_11017.jpg,0.7527182102203369
broadcast_6311.jpg,tacticam_3820.jpg,0.7521040439605713
broadcast_6312.jpg,tacticam_3820.jpg,0.7258064150810242
broadcast_632.jpg,tacticam_11214.jpg,0.7662846446037292
broadcast_633.jpg,tacticam_10515.jpg,0.753851592540741
broadcast_634.jpg,tacticam_543.jpg,0.7931584715843201
broadcast_635.jpg,tacticam_2210.jpg,0.7542368173599243
broadcast_636.jpg,tacticam_287.jpg,0.6398216485977173
broadcast_637.jpg,tacticam_679.jpg,0.7945737838745117
broadcast_638.jpg,tacticam_11821.jpg,0.717650830745697
broadcast_639.jpg,tacticam_939.jpg,0.7443276643753052
broadcast_64.jpg,tacticam_93.jpg,0.7840508818626404
broadcast_6410.jpg,tacticam_12921.jpg,0.7341545820236206
broadcast_6411.jpg,tacticam_422.jpg,0.7530128955841064
broadcast_6412.jpg,tacticam_11317.jpg,0.7137615084648132
broadcast_6413.jpg,tacticam_11317.jpg,0.5169368386268616
broadcast_6414.jpg,tacticam_2410.jpg,0.7044965624809265
broadcast_642.jpg,tacticam_15.jpg,0.7823846936225891
broadcast_643.jpg,tacticam_523.jpg,0.7429946660995483
broadcast_644.jpg,tacticam_70.jpg,0.7981753945350647
broadcast_645.jpg,tacticam_3013.jpg,0.7434357404708862
broadcast_646.jpg,tacticam_533.jpg,0.7957417368888855
broadcast_647.jpg,tacticam_59.jpg,0.7077137231826782
broadcast_648.jpg,tacticam_13223.jpg,0.6944835782051086
broadcast_649.jpg,tacticam_3820.jpg,0.6913036108016968
broadcast_65.jpg,tacticam_39.jpg,0.6924197673797607
broadcast_6510.jpg,tacticam_22.jpg,0.7390936613082886
broadcast_6511.jpg,tacticam_5521.jpg,0.7139601707458496
broadcast_6512.jpg,tacticam_10216.jpg,0.7240954637527466
broadcast_6513.jpg,tacticam_3722.jpg,0.7487854957580566
broadcast_6514.jpg,tacticam_1816.jpg,0.7978370785713196
broadcast_652.jpg,tacticam_238.jpg,0.8039510250091553
broadcast_653.jpg,tacticam_523.jpg,0.8061895370483398
broadcast_654.jpg,tacticam_15.jpg,0.7690810561180115
broadcast_655.jpg,tacticam_2210.jpg,0.6994689702987671
broadcast_656.jpg,tacticam_59.jpg,0.8041567802429199
broadcast_657.jpg,tacticam_13223.jpg,0.7333707809448242
broadcast_658.jpg,tacticam_205.jpg,0.8101605772972107
broadcast_659.jpg,tacticam_12921.jpg,0.7732135057449341
broadcast_66.jpg,tacticam_2010.jpg,0.7835704684257507
broadcast_6610.jpg,tacticam_1010.jpg,0.7778083682060242
broadcast_6611.jpg,tacticam_2012.jpg,0.7536693811416626
broadcast_6612.jpg,tacticam_2714.jpg,0.745911717414856
broadcast_6613.jpg,tacticam_605.jpg,0.7944033741950989
broadcast_662.jpg,tacticam_234.jpg,0.7559190988540649
broadcast_663.jpg,tacticam_253.jpg,0.8109412789344788
broadcast_664.jpg,tacticam_252.jpg,0.7037196159362793
broadcast_665.jpg,tacticam_238.jpg,0.7972848415374756
broadcast_666.jpg,tacticam_248.jpg,0.791380763053894
broadcast_667.jpg,tacticam_605.jpg,0.8165196180343628
broadcast_668.jpg,tacticam_13223.jpg,0.7194036841392517
broadcast_669.jpg,tacticam_12423.jpg,0.7421849966049194
broadcast_67.jpg,tacticam_2010.jpg,0.7211934924125671
broadcast_6710.jpg,tacticam_2720.jpg,0.7634686231613159
broadcast_6711.jpg,tacticam_13223.jpg,0.7081820964813232
broadcast_6712.jpg,tacticam_1115.jpg,0.7978649139404297
broadcast_6713.jpg,tacticam_2919.jpg,0.8081336617469788
broadcast_672.jpg,tacticam_15.jpg,0.7484392523765564
broadcast_673.jpg,tacticam_252.jpg,0.704210638999939
broadcast_674.jpg,tacticam_782.jpg,0.8045421242713928
broadcast_675.jpg,tacticam_2210.jpg,0.8003719449043274
broadcast_676.jpg,tacticam_39.jpg,0.7991056442260742
broadcast_677.jpg,tacticam_3113.jpg,0.7939022183418274
broadcast_678.jpg,tacticam_4514.jpg,0.7467135190963745
broadcast_679.jpg,tacticam_35.jpg,0.7672300934791565
broadcast_68.jpg,tacticam_35.jpg,0.7443885207176208
broadcast_6810.jpg,tacticam_73.jpg,0.7960953712463379
broadcast_6811.jpg,tacticam_573.jpg,0.8108667135238647
broadcast_6812.jpg,tacticam_1115.jpg,0.7807828783988953
broadcast_6813.jpg,tacticam_3820.jpg,0.7235577702522278
broadcast_682.jpg,tacticam_252.jpg,0.7168393135070801
broadcast_683.jpg,tacticam_262.jpg,0.7330334782600403
broadcast_684.jpg,tacticam_532.jpg,0.7696390151977539
broadcast_685.jpg,tacticam_59.jpg,0.7532795071601868
broadcast_686.jpg,tacticam_238.jpg,0.8311562538146973
broadcast_687.jpg,tacticam_3820.jpg,0.7363669276237488
broadcast_688.jpg,tacticam_2821.jpg,0.7731685042381287
broadcast_689.jpg,tacticam_13422.jpg,0.747190535068512
broadcast_69.jpg,tacticam_11911.jpg,0.7170577049255371
broadcast_6910.jpg,tacticam_857.jpg,0.8192765712738037
broadcast_6911.jpg,tacticam_11522.jpg,0.7512356042861938
broadcast_6912.jpg,tacticam_857.jpg,0.7947653532028198
broadcast_6913.jpg,tacticam_9118.jpg,0.8166204690933228
broadcast_692.jpg,tacticam_252.jpg,0.738683819770813
broadcast_693.jpg,tacticam_39.jpg,0.7868667244911194
broadcast_694.jpg,tacticam_262.jpg,0.7731899619102478
broadcast_695.jpg,tacticam_532.jpg,0.7456071972846985
broadcast_696.jpg,tacticam_35.jpg,0.7894227504730225
broadcast_697.jpg,tacticam_13129.jpg,0.7815514206886292
broadcast_698.jpg,tacticam_2919.jpg,0.7530247569084167
broadcast_699.jpg,tacticam_4018.jpg,0.7370268702507019
broadcast_7.jpg,tacticam_44.jpg,0.7942377328872681
broadcast_70.jpg,tacticam_127.jpg,0.7701486349105835
broadcast_7010.jpg,tacticam_3018.jpg,0.7632825970649719
broadcast_7011.jpg,tacticam_13220.jpg,0.698192298412323
broadcast_7012.jpg,tacticam_13223.jpg,0.7638130187988281
broadcast_7013.jpg,tacticam_13221.jpg,0.6500322222709656
broadcast_7014.jpg,tacticam_3018.jpg,0.7747591733932495
broadcast_702.jpg,tacticam_252.jpg,0.7457432746887207
broadcast_703.jpg,tacticam_532.jpg,0.8078275918960571
broadcast_704.jpg,tacticam_89.jpg,0.7966145277023315
broadcast_705.jpg,tacticam_39.jpg,0.8044746518135071
broadcast_706.jpg,tacticam_2210.jpg,0.8053823709487915
broadcast_707.jpg,tacticam_2919.jpg,0.8322272896766663
broadcast_708.jpg,tacticam_2010.jpg,0.7843363881111145
broadcast_709.jpg,tacticam_10616.jpg,0.7211700081825256
broadcast_71.jpg,tacticam_523.jpg,0.7413228154182434
broadcast_710.jpg,tacticam_44.jpg,0.7860798239707947
broadcast_711.jpg,tacticam_5219.jpg,0.8135852217674255
broadcast_7110.jpg,tacticam_1816.jpg,0.7908520698547363
broadcast_7111.jpg,tacticam_13322.jpg,0.8259394764900208
broadcast_7112.jpg,tacticam_13220.jpg,0.6842169761657715
broadcast_7113.jpg,tacticam_533.jpg,0.8011297583580017
broadcast_7114.jpg,tacticam_13220.jpg,0.6424993276596069
broadcast_712.jpg,tacticam_2010.jpg,0.6588796973228455
broadcast_713.jpg,tacticam_2210.jpg,0.7244081497192383
broadcast_714.jpg,tacticam_242.jpg,0.7891358733177185
broadcast_715.jpg,tacticam_89.jpg,0.8018054962158203
broadcast_716.jpg,tacticam_3611.jpg,0.7258107662200928
broadcast_717.jpg,tacticam_1396.jpg,0.7925267219543457
broadcast_718.jpg,tacticam_44.jpg,0.782671332359314
broadcast_719.jpg,tacticam_39.jpg,0.761612594127655
broadcast_72.jpg,tacticam_6722.jpg,0.7509893178939819
broadcast_7210.jpg,tacticam_3113.jpg,0.769275963306427
broadcast_7211.jpg,tacticam_22.jpg,0.7826325297355652
broadcast_7212.jpg,tacticam_5521.jpg,0.6362993717193604
broadcast_7213.jpg,tacticam_915.jpg,0.7722710967063904
broadcast_7214.jpg,tacticam_20018.jpg,0.7050800323486328
broadcast_7215.jpg,tacticam_4919.jpg,0.7389605045318604
broadcast_722.jpg,tacticam_1614.jpg,0.7333998680114746
broadcast_723.jpg,tacticam_677.jpg,0.7627872824668884
broadcast_724.jpg,tacticam_2210.jpg,0.723688006401062
broadcast_725.jpg,tacticam_7712.jpg,0.8095362782478333
broadcast_726.jpg,tacticam_39.jpg,0.7933985590934753
broadcast_727.jpg,tacticam_15119.jpg,0.803743839263916
broadcast_728.jpg,tacticam_13322.jpg,0.7789623737335205
broadcast_729.jpg,tacticam_1542.jpg,0.7726396322250366
broadcast_73.jpg,tacticam_857.jpg,0.7527856826782227
broadcast_7310.jpg,tacticam_13129.jpg,0.7611296772956848
broadcast_7311.jpg,tacticam_5519.jpg,0.6540379524230957
broadcast_7312.jpg,tacticam_1066.jpg,0.6295943260192871
broadcast_7313.jpg,tacticam_1094.jpg,0.7745298147201538
broadcast_7314.jpg,tacticam_15620.jpg,0.7105708122253418
broadcast_732.jpg,tacticam_15.jpg,0.7120848894119263
broadcast_733.jpg,tacticam_677.jpg,0.7825431823730469
broadcast_734.jpg,tacticam_238.jpg,0.8086959719657898
broadcast_735.jpg,tacticam_1483.jpg,0.7685441970825195
broadcast_736.jpg,tacticam_2210.jpg,0.7324655652046204
broadcast_737.jpg,tacticam_622.jpg,0.8097726106643677
broadcast_738.jpg,tacticam_39.jpg,0.7723678946495056
broadcast_739.jpg,tacticam_214.jpg,0.7651399374008179
broadcast_74.jpg,tacticam_523.jpg,0.8644846677780151
broadcast_7410.jpg,tacticam_315.jpg,0.8472909927368164
broadcast_7411.jpg,tacticam_13219.jpg,0.7132672667503357
broadcast_7412.jpg,tacticam_1062.jpg,0.7925058603286743
broadcast_742.jpg,tacticam_58.jpg,0.7241487503051758
broadcast_743.jpg,tacticam_3716.jpg,0.8200079202651978
broadcast_744.jpg,tacticam_403.jpg,0.6965742111206055
broadcast_745.jpg,tacticam_2210.jpg,0.7384183406829834
broadcast_746.jpg,tacticam_1483.jpg,0.8017849922180176
broadcast_747.jpg,tacticam_39.jpg,0.736408531665802
broadcast_748.jpg,tacticam_403.jpg,0.5729809999465942
broadcast_749.jpg,tacticam_13322.jpg,0.7831576466560364
broadcast_75.jpg,tacticam_2710.jpg,0.7690956592559814
broadcast_7510.jpg,tacticam_39.jpg,0.6792597770690918
broadcast_7511.jpg,tacticam_14919.jpg,0.7732195258140564
broadcast_7512.jpg,tacticam_13322.jpg,0.8146706223487854
broadcast_752.jpg,tacticam_15.jpg,0.745500922203064
broadcast_753.jpg,tacticam_782.jpg,0.7232832908630371
broadcast_754.jpg,tacticam_3716.jpg,0.7746928930282593
broadcast_755.jpg,tacticam_205.jpg,0.8042163848876953
broadcast_756.jpg,tacticam_2210.jpg,0.7345775961875916
broadcast_757.jpg,tacticam_5316.jpg,0.7869588136672974
broadcast_758.jpg,tacticam_5519.jpg,0.7400208115577698
broadcast_759.jpg,tacticam_1074.jpg,0.6818313002586365
broadcast_76.jpg,tacticam_386.jpg,0.8651363849639893
broadcast_7610.jpg,tacticam_8.jpg,0.7699488997459412
broadcast_7611.jpg,tacticam_13422.jpg,0.7760540246963501
broadcast_7612.jpg,tacticam_5214.jpg,0.7712816596031189
broadcast_7613.jpg,tacticam_544.jpg,0.800954282283783
broadcast_762.jpg,tacticam_572.jpg,0.7592445015907288
broadcast_763.jpg,tacticam_276.jpg,0.7742941975593567
broadcast_764.jpg,tacticam_6518.jpg,0.7346649765968323
broadcast_765.jpg,tacticam_3716.jpg,0.7758621573448181
broadcast_766.jpg,tacticam_1062.jpg,0.7794544696807861
broadcast_767.jpg,tacticam_5111.jpg,0.7552065253257751
broadcast_768.jpg,tacticam_1509.jpg,0.7870829105377197
broadcast_769.jpg,tacticam_10417.jpg,0.6768353581428528
broadcast_77.jpg,tacticam_2920.jpg,0.7280561923980713
broadcast_7710.jpg,tacticam_15119.jpg,0.7885975241661072
broadcast_7711.jpg,tacticam_2513.jpg,0.781312108039856
broadcast_7712.jpg,tacticam_19221.jpg,0.7675495147705078
broadcast_772.jpg,tacticam_487.jpg,0.780251145362854
broadcast_773.jpg,tacticam_276.jpg,0.8084968328475952
broadcast_774.jpg,tacticam_3716.jpg,0.7645035982131958
broadcast_775.jpg,tacticam_13715.jpg,0.8076696395874023
broadcast_776.jpg,tacticam_13715.jpg,0.8132731914520264
broadcast_777.jpg,tacticam_8.jpg,0.7936553955078125
broadcast_778.jpg,tacticam_192.jpg,0.7939587235450745
broadcast_779.jpg,tacticam_595.jpg,0.735283374786377
broadcast_78.jpg,tacticam_2010.jpg,0.793078601360321
broadcast_7810.jpg,tacticam_128.jpg,0.8265979886054993
broadcast_7811.jpg,tacticam_2003.jpg,0.751843273639679
broadcast_7812.jpg,tacticam_13422.jpg,0.7403743267059326
broadcast_7813.jpg,tacticam_1623.jpg,0.5049092769622803
broadcast_782.jpg,tacticam_252.jpg,0.7955760955810547
broadcast_783.jpg,tacticam_94.jpg,0.7700013518333435
broadcast_784.jpg,tacticam_73.jpg,0.7899267673492432
broadcast_785.jpg,tacticam_253.jpg,0.7600757479667664
broadcast_786.jpg,tacticam_1421.jpg,0.7823111414909363
broadcast_787.jpg,tacticam_276.jpg,0.820080041885376
broadcast_788.jpg,tacticam_1821.jpg,0.7230066061019897
broadcast_789.jpg,tacticam_594.jpg,0.7984517812728882
broadcast_79.jpg,tacticam_2910.jpg,0.8429797291755676
broadcast_7910.jpg,tacticam_14213.jpg,0.7302125692367554
broadcast_7911.jpg,tacticam_3810.jpg,0.7780379056930542
broadcast_7912.jpg,tacticam_13322.jpg,0.7552379965782166
broadcast_792.jpg,tacticam_248.jpg,0.8119311332702637
broadcast_793.jpg,tacticam_573.jpg,0.771593451499939
broadcast_794.jpg,tacticam_133.jpg,0.8035711646080017
broadcast_795.jpg,tacticam_543.jpg,0.7833441495895386
broadcast_796.jpg,tacticam_207.jpg,0.7468894720077515
broadcast_797.jpg,tacticam_73.jpg,0.8152732253074646
broadcast_798.jpg,tacticam_523.jpg,0.7678397297859192
broadcast_799.jpg,tacticam_5219.jpg,0.8188925385475159
broadcast_8.jpg,tacticam_857.jpg,0.7900530695915222
broadcast_80.jpg,tacticam_238.jpg,0.8203911185264587
broadcast_8010.jpg,tacticam_1893.jpg,0.7092567682266235
broadcast_8011.jpg,tacticam_18717.jpg,0.6439490914344788
broadcast_8012.jpg,tacticam_14325.jpg,0.7057936787605286
broadcast_802.jpg,tacticam_523.jpg,0.8152095675468445
broadcast_803.jpg,tacticam_1066.jpg,0.6965288519859314
broadcast_804.jpg,tacticam_54.jpg,0.7548474073410034
broadcast_805.jpg,tacticam_73.jpg,0.7948600053787231
broadcast_806.jpg,tacticam_73.jpg,0.8146687150001526
broadcast_807.jpg,tacticam_856.jpg,0.7079430818557739
broadcast_808.jpg,tacticam_73.jpg,0.8489058017730713
broadcast_809.jpg,tacticam_3810.jpg,0.8047010898590088
broadcast_81.jpg,tacticam_510.jpg,0.7469905614852905
broadcast_810.jpg,tacticam_73.jpg,0.8234712481498718
broadcast_811.jpg,tacticam_2010.jpg,0.7108802199363708
broadcast_8110.jpg,tacticam_5519.jpg,0.7959064841270447
broadcast_8111.jpg,tacticam_73.jpg,0.7881128787994385
broadcast_8112.jpg,tacticam_622.jpg,0.7813722491264343
broadcast_8113.jpg,tacticam_1913.jpg,0.7440400719642639
broadcast_8114.jpg,tacticam_10619.jpg,0.7127358913421631
broadcast_812.jpg,tacticam_98.jpg,0.8218189477920532
broadcast_813.jpg,tacticam_15324.jpg,0.6746639013290405
broadcast_814.jpg,tacticam_15620.jpg,0.6578503847122192
broadcast_815.jpg,tacticam_238.jpg,0.8171168565750122
broadcast_816.jpg,tacticam_54.jpg,0.7611312866210938
broadcast_817.jpg,tacticam_523.jpg,0.6945868730545044
broadcast_818.jpg,tacticam_73.jpg,0.8151686787605286
broadcast_819.jpg,tacticam_14322.jpg,0.7090737819671631
broadcast_82.jpg,tacticam_7110.jpg,0.7961055040359497
broadcast_8210.jpg,tacticam_116.jpg,0.7839791774749756
broadcast_8211.jpg,tacticam_11612.jpg,0.7606073617935181
broadcast_822.jpg,tacticam_2010.jpg,0.7773905992507935
broadcast_823.jpg,tacticam_1619.jpg,0.7331072688102722
broadcast_824.jpg,tacticam_798.jpg,0.753975510597229
broadcast_825.jpg,tacticam_3412.jpg,0.7758787870407104
broadcast_826.jpg,tacticam_238.jpg,0.8060630559921265
broadcast_827.jpg,tacticam_856.jpg,0.6895870566368103
broadcast_828.jpg,tacticam_6518.jpg,0.7064998745918274
broadcast_829.jpg,tacticam_917.jpg,0.7931240797042847
broadcast_83.jpg,tacticam_523.jpg,0.7759812474250793
broadcast_8310.jpg,tacticam_13316.jpg,0.7446383237838745
broadcast_8311.jpg,tacticam_619.jpg,0.6516098976135254
broadcast_832.jpg,tacticam_227.jpg,0.7850911617279053
broadcast_833.jpg,tacticam_408.jpg,0.8375619649887085
broadcast_834.jpg,tacticam_14922.jpg,0.7271989583969116
broadcast_835.jpg,tacticam_19212.jpg,0.6982935667037964
broadcast_836.jpg,tacticam_573.jpg,0.7605786323547363
broadcast_837.jpg,tacticam_2210.jpg,0.7648495435714722
broadcast_838.jpg,tacticam_14213.jpg,0.7280275225639343
broadcast_839.jpg,tacticam_2.jpg,0.758323073387146
broadcast_84.jpg,tacticam_722.jpg,0.7743432521820068
broadcast_8410.jpg,tacticam_44.jpg,0.6542500257492065
broadcast_8411.jpg,tacticam_16412.jpg,0.7679985761642456
broadcast_8412.jpg,tacticam_14924.jpg,0.7375987768173218
broadcast_842.jpg,tacticam_2010.jpg,0.7488121390342712
broadcast_843.jpg,tacticam_344.jpg,0.7996088266372681
broadcast_844.jpg,tacticam_3614.jpg,0.6880606412887573
broadcast_845.jpg,tacticam_939.jpg,0.687260627746582
broadcast_846.jpg,tacticam_857.jpg,0.7786979079246521
broadcast_847.jpg,tacticam_1619.jpg,0.7695009112358093
broadcast_848.jpg,tacticam_14322.jpg,0.6844835877418518
broadcast_849.jpg,tacticam_13219.jpg,0.6953625679016113
broadcast_85.jpg,tacticam_12619.jpg,0.7703259587287903
broadcast_8510.jpg,tacticam_4222.jpg,0.7232630848884583
broadcast_8511.jpg,tacticam_11821.jpg,0.6939373016357422
broadcast_8512.jpg,tacticam_3820.jpg,0.6715196371078491
broadcast_852.jpg,tacticam_2223.jpg,0.8179382085800171
broadcast_853.jpg,tacticam_886.jpg,0.714191734790802
broadcast_854.jpg,tacticam_3820.jpg,0.7603834867477417
broadcast_855.jpg,tacticam_722.jpg,0.7968336343765259
broadcast_856.jpg,tacticam_1619.jpg,0.7536525726318359
broadcast_857.jpg,tacticam_49.jpg,0.7511444091796875
broadcast_858.jpg,tacticam_2210.jpg,0.7783219814300537
broadcast_859.jpg,tacticam_11229.jpg,0.7005724310874939
broadcast_86.jpg,tacticam_6016.jpg,0.673198938369751
broadcast_8610.jpg,tacticam_175.jpg,0.6843470335006714
broadcast_8611.jpg,tacticam_14717.jpg,0.786565363407135
broadcast_8612.jpg,tacticam_11422.jpg,0.7050095200538635
broadcast_862.jpg,tacticam_966.jpg,0.7864694595336914
broadcast_863.jpg,tacticam_867.jpg,0.6805305480957031
broadcast_864.jpg,tacticam_44.jpg,0.7807472944259644
broadcast_865.jpg,tacticam_14213.jpg,0.6671671271324158
broadcast_866.jpg,tacticam_1716.jpg,0.8072312474250793
broadcast_867.jpg,tacticam_857.jpg,0.7492620348930359
broadcast_868.jpg,tacticam_594.jpg,0.7738134264945984
broadcast_869.jpg,tacticam_1619.jpg,0.7445653676986694
broadcast_87.jpg,tacticam_9118.jpg,0.7660781741142273
broadcast_8710.jpg,tacticam_1117.jpg,0.6681147813796997
broadcast_8711.jpg,tacticam_1619.jpg,0.7736055254936218
broadcast_8712.jpg,tacticam_11422.jpg,0.6777392029762268
broadcast_872.jpg,tacticam_44.jpg,0.7679919004440308
broadcast_873.jpg,tacticam_1619.jpg,0.71466463804245
broadcast_874.jpg,tacticam_45.jpg,0.774406909942627
broadcast_875.jpg,tacticam_1083.jpg,0.6759060025215149
broadcast_876.jpg,tacticam_2223.jpg,0.8256874680519104
broadcast_877.jpg,tacticam_5820.jpg,0.7299634218215942
broadcast_878.jpg,tacticam_14717.jpg,0.7828904986381531
broadcast_879.jpg,tacticam_15525.jpg,0.6694072484970093
broadcast_88.jpg,tacticam_3010.jpg,0.8263786435127258
broadcast_8810.jpg,tacticam_573.jpg,0.7895193696022034
broadcast_8811.jpg,tacticam_18818.jpg,0.727391242980957
broadcast_8812.jpg,tacticam_2223.jpg,0.7909846901893616
broadcast_8813.jpg,tacticam_1619.jpg,0.7956624627113342
broadcast_882.jpg,tacticam_44.jpg,0.8149150013923645
broadcast_883.jpg,tacticam_7611.jpg,0.7551401257514954
broadcast_884.jpg,tacticam_573.jpg,0.8051825761795044
broadcast_885.jpg,tacticam_917.jpg,0.7143657803535461
broadcast_886.jpg,tacticam_1619.jpg,0.723232090473175
broadcast_887.jpg,tacticam_1528.jpg,0.6903908252716064
broadcast_888.jpg,tacticam_696.jpg,0.6042502522468567
broadcast_889.jpg,tacticam_175.jpg,0.6843833327293396
broadcast_89.jpg,tacticam_44.jpg,0.7735650539398193
broadcast_8910.jpg,tacticam_12130.jpg,0.6763924360275269
broadcast_8911.jpg,tacticam_573.jpg,0.7458759546279907
broadcast_8912.jpg,tacticam_520.jpg,0.7381458282470703
broadcast_892.jpg,tacticam_2010.jpg,0.7805267572402954
broadcast_893.jpg,tacticam_956.jpg,0.6917056441307068
broadcast_894.jpg,tacticam_296.jpg,0.7177720665931702
broadcast_895.jpg,tacticam_679.jpg,0.7620868682861328
broadcast_896.jpg,tacticam_7210.jpg,0.7015691995620728
broadcast_897.jpg,tacticam_1118.jpg,0.706613302230835
broadcast_898.jpg,tacticam_573.jpg,0.7981784343719482
broadcast_899.jpg,tacticam_1619.jpg,0.7917475700378418
broadcast_9.jpg,tacticam_5815.jpg,0.7745921015739441
broadcast_90.jpg,tacticam_2010.jpg,0.7883543372154236
broadcast_9010.jpg,tacticam_1619.jpg,0.8067492246627808
broadcast_902.jpg,tacticam_73.jpg,0.7353037595748901
broadcast_903.jpg,tacticam_2010.jpg,0.7364013195037842
broadcast_904.jpg,tacticam_10619.jpg,0.6943985223770142
broadcast_905.jpg,tacticam_17114.jpg,0.749634325504303
broadcast_906.jpg,tacticam_1813.jpg,0.7437613010406494
broadcast_907.jpg,tacticam_15010.jpg,0.6903836727142334
broadcast_908.jpg,tacticam_573.jpg,0.7802802920341492
broadcast_909.jpg,tacticam_73.jpg,0.781518816947937
broadcast_91.jpg,tacticam_1117.jpg,0.770548939704895
broadcast_910.jpg,tacticam_12721.jpg,0.7461446523666382
broadcast_911.jpg,tacticam_2614.jpg,0.7944999933242798
broadcast_9110.jpg,tacticam_1619.jpg,0.7591080665588379
broadcast_9111.jpg,tacticam_7210.jpg,0.6924065351486206
broadcast_9112.jpg,tacticam_13223.jpg,0.672075092792511
broadcast_9113.jpg,tacticam_7218.jpg,0.716353714466095
broadcast_9114.jpg,tacticam_1619.jpg,0.8060186505317688
broadcast_912.jpg,tacticam_8322.jpg,0.6842346787452698
broadcast_913.jpg,tacticam_13219.jpg,0.64957594871521
broadcast_914.jpg,tacticam_296.jpg,0.7008082866668701
broadcast_915.jpg,tacticam_679.jpg,0.7687776684761047
broadcast_916.jpg,tacticam_73.jpg,0.7181103229522705
broadcast_917.jpg,tacticam_2410.jpg,0.7870306968688965
broadcast_918.jpg,tacticam_15010.jpg,0.6749624609947205
broadcast_919.jpg,tacticam_1619.jpg,0.7432135939598083
broadcast_92.jpg,tacticam_523.jpg,0.8120583891868591
broadcast_9210.jpg,tacticam_1619.jpg,0.7946269512176514
broadcast_9211.jpg,tacticam_15021.jpg,0.7170560359954834
broadcast_9212.jpg,tacticam_1619.jpg,0.8292028307914734
broadcast_9213.jpg,tacticam_878.jpg,0.710178554058075
broadcast_9214.jpg,tacticam_1619.jpg,0.8330126404762268
broadcast_922.jpg,tacticam_106.jpg,0.8255571126937866
broadcast_923.jpg,tacticam_573.jpg,0.772217869758606
broadcast_924.jpg,tacticam_6020.jpg,0.710779070854187
broadcast_925.jpg,tacticam_2410.jpg,0.7561748623847961
broadcast_926.jpg,tacticam_15010.jpg,0.7007837295532227
broadcast_927.jpg,tacticam_17114.jpg,0.7816994786262512
broadcast_928.jpg,tacticam_828.jpg,0.7134333252906799
broadcast_929.jpg,tacticam_1619.jpg,0.6914101243019104
broadcast_93.jpg,tacticam_64.jpg,0.764668345451355
broadcast_9310.jpg,tacticam_924.jpg,0.7346053123474121
broadcast_9311.jpg,tacticam_1619.jpg,0.7586959600448608
broadcast_9312.jpg,tacticam_13223.jpg,0.7189285159111023
broadcast_932.jpg,tacticam_156.jpg,0.7622304558753967
broadcast_933.jpg,tacticam_573.jpg,0.7423740029335022
broadcast_934.jpg,tacticam_296.jpg,0.7263048887252808
broadcast_935.jpg,tacticam_1619.jpg,0.7785534262657166
broadcast_936.jpg,tacticam_6.jpg,0.7907758951187134
broadcast_937.jpg,tacticam_993.jpg,0.7169881463050842
broadcast_938.jpg,tacticam_3820.jpg,0.7411671876907349
broadcast_939.jpg,tacticam_55.jpg,0.7403410077095032
broadcast_94.jpg,tacticam_54.jpg,0.7869148850440979
broadcast_9410.jpg,tacticam_253.jpg,0.7167419195175171
broadcast_9411.jpg,tacticam_1293.jpg,0.6925009489059448
broadcast_9412.jpg,tacticam_15129.jpg,0.7657323479652405
broadcast_9413.jpg,tacticam_137.jpg,0.6962916851043701
broadcast_9414.jpg,tacticam_1619.jpg,0.8062018156051636
broadcast_9415.jpg,tacticam_1118.jpg,0.6872127652168274
broadcast_9416.jpg,tacticam_14325.jpg,0.7487669587135315
broadcast_942.jpg,tacticam_296.jpg,0.7441065311431885
broadcast_943.jpg,tacticam_1418.jpg,0.7542421221733093
broadcast_944.jpg,tacticam_1619.jpg,0.7544991374015808
broadcast_945.jpg,tacticam_73.jpg,0.7857376933097839
broadcast_946.jpg,tacticam_1619.jpg,0.7462894916534424
broadcast_947.jpg,tacticam_19315.jpg,0.7494699954986572
broadcast_948.jpg,tacticam_1844.jpg,0.6925870776176453
broadcast_949.jpg,tacticam_1720.jpg,0.7282067537307739
broadcast_95.jpg,tacticam_6721.jpg,0.7676857113838196
broadcast_9510.jpg,tacticam_1787.jpg,0.784536600112915
broadcast_9511.jpg,tacticam_1787.jpg,0.7402287125587463
broadcast_9512.jpg,tacticam_966.jpg,0.7716975212097168
broadcast_952.jpg,tacticam_296.jpg,0.714135468006134
broadcast_953.jpg,tacticam_2010.jpg,0.7756969928741455
broadcast_954.jpg,tacticam_1619.jpg,0.6984019875526428
broadcast_955.jpg,tacticam_309.jpg,0.7221097350120544
broadcast_956.jpg,tacticam_573.jpg,0.7814164757728577
broadcast_957.jpg,tacticam_573.jpg,0.783231794834137
broadcast_958.jpg,tacticam_1276.jpg,0.7152917385101318
broadcast_959.jpg,tacticam_1738.jpg,0.746127188205719
broadcast_96.jpg,tacticam_3515.jpg,0.8346650004386902
broadcast_9610.jpg,tacticam_22.jpg,0.747401237487793
broadcast_9611.jpg,tacticam_1.jpg,0.711807906627655
broadcast_9612.jpg,tacticam_19315.jpg,0.7534739971160889
broadcast_962.jpg,tacticam_1304.jpg,0.7416210174560547
broadcast_963.jpg,tacticam_296.jpg,0.7155886292457581
broadcast_964.jpg,tacticam_6.jpg,0.8013935685157776
broadcast_965.jpg,tacticam_798.jpg,0.7716894149780273
broadcast_966.jpg,tacticam_573.jpg,0.7958182096481323
broadcast_967.jpg,tacticam_1619.jpg,0.7244218587875366
broadcast_968.jpg,tacticam_1619.jpg,0.7435566186904907
broadcast_969.jpg,tacticam_1528.jpg,0.710560142993927
broadcast_97.jpg,tacticam_73.jpg,0.7995119094848633
broadcast_9710.jpg,tacticam_11125.jpg,0.7314498424530029
broadcast_9711.jpg,tacticam_522.jpg,0.6747314929962158
broadcast_9712.jpg,tacticam_15021.jpg,0.7353096008300781
broadcast_9713.jpg,tacticam_478.jpg,0.6453869342803955
broadcast_972.jpg,tacticam_12721.jpg,0.7021141648292542
broadcast_973.jpg,tacticam_44.jpg,0.7952238917350769
broadcast_974.jpg,tacticam_73.jpg,0.7737874984741211
broadcast_975.jpg,tacticam_1619.jpg,0.8254713416099548
broadcast_976.jpg,tacticam_1619.jpg,0.7585669159889221
broadcast_977.jpg,tacticam_1619.jpg,0.7952024340629578
broadcast_978.jpg,tacticam_15415.jpg,0.7406671047210693
broadcast_979.jpg,tacticam_15225.jpg,0.7294791340827942
broadcast_98.jpg,tacticam_857.jpg,0.7918874025344849
broadcast_9810.jpg,tacticam_369.jpg,0.6714164018630981
broadcast_9811.jpg,tacticam_1528.jpg,0.7510414123535156
broadcast_9812.jpg,tacticam_673.jpg,0.7085351347923279
broadcast_9813.jpg,tacticam_14325.jpg,0.702835202217102
broadcast_982.jpg,tacticam_44.jpg,0.8036324977874756
broadcast_983.jpg,tacticam_2010.jpg,0.7317306995391846
broadcast_984.jpg,tacticam_573.jpg,0.7442625761032104
broadcast_985.jpg,tacticam_1619.jpg,0.8020538687705994
broadcast_986.jpg,tacticam_73.jpg,0.7770935893058777
broadcast_987.jpg,tacticam_22.jpg,0.7098936438560486
broadcast_988.jpg,tacticam_11318.jpg,0.7812252640724182
broadcast_989.jpg,tacticam_1619.jpg,0.7461369037628174
broadcast_99.jpg,tacticam_1620.jpg,0.790073573589325
broadcast_9910.jpg,tacticam_18012.jpg,0.8047463893890381
broadcast_9911.jpg,tacticam_2010.jpg,0.7187312841415405
broadcast_9912.jpg,tacticam_293.jpg,0.624462902545929
broadcast_9913.jpg,tacticam_14325.jpg,0.7208919525146484
broadcast_992.jpg,tacticam_73.jpg,0.770773708820343
broadcast_993.jpg,tacticam_45.jpg,0.7788553833961487
broadcast_994.jpg,tacticam_315.jpg,0.764274537563324
broadcast_995.jpg,tacticam_573.jpg,0.7812347412109375
broadcast_996.jpg,tacticam_18318.jpg,0.712343692779541
broadcast_997.jpg,tacticam_1135.jpg,0.7905754446983337
broadcast_998.jpg,tacticam_3123.jpg,0.7674515843391418
broadcast_999.jpg,tacticam_15415.jpg,0.7549008727073669
